WorkTimeInSeconds...1,multiplier,amount,age,gender,income,WorkTimeInSeconds...7,"Q3_1 On a scale of 0 to 100, how would you describe your political views?","Q8_1 On a scale of 0 to 100, how would you describe your religious orientation?","Q5 In the 2016 Presidential election, who did you vote for?",Q9 What State do you live in?,Q7 Do you consider yourself a:,"Q8 Aside from weddings and funerals, how often do you attend religious services?",batch
150,1.58,0.4,60-69,Female,"$80,000 - $99,999",60,46,92,Didn't vote,PA,Independent,Once or twice a month,g
96,1.69,0.6,18-29,Male,"$60,000 - $79,999",49,100,0,Hillary Clinton,CO,Democrat,Never,g
111,0.15,0,30-39,Female,"$60,000 - $79,999",383,91,0,Hillary Clinton,IL,Democrat,Never,g
309,1.83,0.5,30-39,Female,"Under $20,000",64,82,0,Hillary Clinton,NY,Democrat,Never,g
92,0.17,0.9,30-39,Male,"Under $20,000",500,65,56.5,Donald Trump,TX,Democrat,A few times a year,g
85,1.36,0,30-39,Female,"Over $100,000",37,100,0,Hillary Clinton,NH,Democrat,Never,g
118,1.17,0.6,50-59,Male,"Under $20,000",48,0,14,Donald Trump,RI,Republican,A few times a year,g
412,0.58,0.46,30-39,Male,"$60,000 - $79,999",539,73,70,Donald Trump,TX,Democrat,Once or twice a month,g
250,0.18,0,50-59,Male,"$80,000 - $99,999",71.5,66.5,19,Donald Trump,FL,Republican,Never,g
766,0.85,0.4,40-49,Female,"$40,000 - $59,999",79,37,55,Donald Trump,VA,Republican,A few times a year,g
102,0.29,0.1,30-39,Female,"$20,000 - $39,999",47,60,19,Donald Trump,MO,Independent,A few times a year,g
134,0.81,0,18-29,Female,"$20,000 - $39,999",19,100,0,Hillary Clinton,TX,Democrat,Never,g
138,1.97,1,60-69,Male,"Under $20,000",114,96,28,Hillary Clinton,GA,Democrat,Never,g
62,0.47,1,30-39,Female,"$60,000 - $79,999",42,32,90,Donald Trump,NC,Independent,Once a week,g
1280,1.76,0,50-59,Female,"Under $20,000",59,50.5,0.5,Hillary Clinton,MO,Democrat,Never,g
54,1.61,0.2,18-29,Male,"$60,000 - $79,999",36,44,9,Didn't vote,LA,Independent,Never,g
364,0.36,0.08,18-29,Male,"$60,000 - $79,999",53,67,44.5,Hillary Clinton,IA,Democrat,Never,g
205,0.4,0.6,50-59,Male,"$60,000 - $79,999",100,60,82,Donald Trump,SC,Independent,Seldom,g
144,0.68,1,40-49,Male,"$40,000 - $59,999",2575,19,0,Hillary Clinton,IL,Democrat,Never,g
221,1.17,0,40-49,Female,"$20,000 - $39,999",65,60,13,Hillary Clinton,NY,Democrat,Never,g
119,1.16,0,40-49,Male,"$40,000 - $59,999",49,20,53,Donald Trump,VA,Republican,A few times a year,g
178,0.66,0,18-29,Male,"Over $100,000",44.5,78,0,Hillary Clinton,TX,Democrat,Never,g
85,0.78,0,40-49,Male,"Over $100,000",74,86,85,Hillary Clinton,NC,Democrat,A few times a year,g
140,0.98,0.2,40-49,Female,"Over $100,000",82,91,84,Didn't vote,IL,Democrat,Never,g
80,0.81,0,18-29,Female,"$80,000 - $99,999",36.5,68,21,Hillary Clinton,TX,Democrat,Never,g
92,0.21,0,30-39,Male,"$40,000 - $59,999",33,95,0,Someone else,CA,Independent,Never,g
171,0.15,0.15,18-29,Female,"$40,000 - $59,999",52,68,56,Donald Trump,0,Independent,A few times a year,g
121,1.29,0,40-49,Male,"$20,000 - $39,999",52.5,38,59.5,Didn't vote,MI,Independent,Never,g
157,0.08,0,40-49,Female,"$20,000 - $39,999",98,42,0,Donald Trump,MS,Republican,Never,g
76,0.36,0,50-59,Male,"$40,000 - $59,999",68,51,1,Donald Trump,FL,Independent,Never,g
75,0.38,0,30-39,Male,"$40,000 - $59,999",36,95,9,Hillary Clinton,MI,Independent,Seldom,g
89,1.11,0.1,30-39,Female,"$80,000 - $99,999",42,36,8,Donald Trump,NY,Republican,Seldom,g
139,1.34,0.5,30-39,Male,"$60,000 - $79,999",2968,70,9,Hillary Clinton,KY,Democrat,A few times a year,g
117,0.99,0.1,40-49,Female,"$60,000 - $79,999",98,58,11,Didn't vote,CA,Democrat,Seldom,g
104,1.34,0.4,18-29,Female,"$20,000 - $39,999",40.5,84.5,1,Hillary Clinton,WA,Democrat,Never,g
60,0.15,1,18-29,Other / Prefer not to state,Prefer not to state,101,79,45.5,Hillary Clinton,AL,Independent,Never,g
75,0.17,0,40-49,Male,"Under $20,000",52.5,66.5,4.5,Hillary Clinton,CA,Democrat,Never,g
55,1.47,0.15,18-29,Female,"Under $20,000",30,50,0,Didn't vote,FL,Something else,Never,g
81,1.48,0,40-49,Male,"Under $20,000",53,55,12.5,Hillary Clinton,NY,Democrat,Never,g
237,0.97,0,18-29,Male,"$20,000 - $39,999",52,100,0,Someone else,VA,Independent,Never,g
178,1.42,0.5,50-59,Male,"Under $20,000",105,70,3,Hillary Clinton,MO,Democrat,Never,g
42,1.61,0.4,30-39,Female,"$80,000 - $99,999",118,78,16,Hillary Clinton,MN,Democrat,Seldom,g
81,1.3,0,18-29,Male,"$60,000 - $79,999",41,17,24,Donald Trump,FL,Republican,Seldom,g
65,0.06,0,30-39,Female,"$60,000 - $79,999",154,83,19,Hillary Clinton,KY,Democrat,Seldom,g
99,0.63,0,30-39,Male,"Under $20,000",60,50,4.5,Hillary Clinton,MI,Democrat,Never,g
165,0.88,0.6,18-29,Male,"$20,000 - $39,999",90,81,0,Hillary Clinton,MO,Independent,Never,g
109,2,0.1,18-29,Male,"$20,000 - $39,999",32,91,0,Didn't vote,OK,Democrat,Never,g
107,0.98,0.4,30-39,Female,"$40,000 - $59,999",46,96,87,Hillary Clinton,TX,Democrat,Seldom,g
331,1.72,0.5,30-39,Female,"$80,000 - $99,999",63,100,0,Hillary Clinton,SC,Democrat,Never,g
121,0.81,0,30-39,Male,"$40,000 - $59,999",37,100,0,Hillary Clinton,LA,Democrat,Never,g
59,1.59,0,18-29,Male,"$20,000 - $39,999",36,80,0,Hillary Clinton,AZ,Democrat,Never,g
48,0.04,0,30-39,Female,"$20,000 - $39,999",31,62,0,Didn't vote,NY,Independent,Never,g
704,0.49,0.5,30-39,Male,"$40,000 - $59,999",65.5,77,4.5,Hillary Clinton,OH,Democrat,Never,g
293,0.05,1,30-39,Male,"$20,000 - $39,999",461,72,83,Donald Trump,TX,Democrat,A few times a year,g
368,0.11,0,30-39,Male,"$60,000 - $79,999",67,100,0,Hillary Clinton,WI,Democrat,Never,g
84,1.34,0.2,30-39,Male,"$80,000 - $99,999",53,90,0,Hillary Clinton,PA,Democrat,Never,g
1348,1.51,0.4,30-39,Male,"$60,000 - $79,999",61.5,71.5,6.5,Hillary Clinton,MA,Democrat,Never,g
91,1.91,0.5,30-39,Male,"$40,000 - $59,999",53.5,71.5,9,Donald Trump,TX,Democrat,Never,g
375,0.59,0,30-39,Male,"$40,000 - $59,999",1676,73,63,Donald Trump,OH,Democrat,Once a week,g
94,1.14,0.25,30-39,Male,"$80,000 - $99,999",48,95,94,Hillary Clinton,OK,Democrat,Once a week,g
130,0.9,0.4,30-39,Female,"$80,000 - $99,999",64,9,92,Donald Trump,TX,Republican,Once a week,g
49,0.32,0,30-39,Female,"$80,000 - $99,999",39,1,0,Donald Trump,FL,Republican,Never,g
164,0.86,0,50-59,Female,"$80,000 - $99,999",56.5,41,12,Hillary Clinton,NY,Democrat,Seldom,g
296,1.16,0.4,60-69,Female,"$20,000 - $39,999",60,53.5,16.5,Hillary Clinton,PA,Democrat,Never,g
63,1.92,0,18-29,Male,"$80,000 - $99,999",45.5,73,4.5,Hillary Clinton,CA,Democrat,Never,g
616,0.72,1,30-39,Female,"Under $20,000",28,71,0,Hillary Clinton,GA,Democrat,Never,g
71,1.66,0,18-29,Female,"Over $100,000",30,100,0,Hillary Clinton,TX,Democrat,Never,g
451,0.71,0,18-29,Other / Prefer not to state,"Under $20,000",41.5,78,1,Hillary Clinton,CA,Democrat,Never,g
317,1.32,0,18-29,Female,"$60,000 - $79,999",133,93,11,Hillary Clinton,CT,Democrat,Seldom,g
108,1.54,0.5,18-29,Female,"$20,000 - $39,999",40.5,73.5,5,Hillary Clinton,WA,Democrat,Never,g
88,1.82,1,30-39,Female,"$60,000 - $79,999",36,91,0,Hillary Clinton,WI,Democrat,Never,g
46,1.51,0,30-39,Female,"Under $20,000",25,51,69,Didn't vote,SC,Independent,A few times a year,g
226,0.13,1,18-29,Male,"Over $100,000",81.5,73,55,Hillary Clinton,IN,Independent,Never,g
101,1.8,0.2,18-29,Female,"Over $100,000",38,21,65,Donald Trump,FL,Republican,A few times a year,g
116,0.02,0.5,18-29,Female,"$40,000 - $59,999",131,51,51,Donald Trump,TX,Republican,Seldom,g
917,1.23,0.4,18-29,Male,"$20,000 - $39,999",32,38,9,Someone else,WA,Independent,A few times a year,g
77,1.1,0,60-69,Female,"$60,000 - $79,999",64,95,22,Hillary Clinton,PA,Democrat,A few times a year,g
87,0.13,0,18-29,Male,"$40,000 - $59,999",54.5,73.5,0,Hillary Clinton,NJ,Democrat,Never,g
100,1.01,0,50-59,Female,"$20,000 - $39,999",141,90,0,Hillary Clinton,MD,Democrat,Never,g
1529,1.96,0,18-29,Male,"Over $100,000",45.5,79.5,0,Hillary Clinton,NJ,Democrat,Never,g
166,0.99,0,40-49,Male,"$40,000 - $59,999",52,92,0,Hillary Clinton,MN,Democrat,Never,g
59,0.92,0.2,18-29,Female,"Over $100,000",800,86,58,Hillary Clinton,MD,Independent,A few times a year,g
178,1.94,0.4,30-39,Male,"$60,000 - $79,999",92.5,54,34,Didn't vote,TX,Independent,Never,g
155,1.34,0.25,50-59,Female,"$20,000 - $39,999",76,89,1,Hillary Clinton,MD,Democrat,Never,g
234,0.23,1,18-29,Male,"$60,000 - $79,999",106,89,71,Hillary Clinton,AL,Independent,Once or twice a month,g
70,1.37,0.4,40-49,Female,"$40,000 - $59,999",34,13,99,Donald Trump,MI,Republican,Once a week,g
284,1.56,0,30-39,Male,"$80,000 - $99,999",53.5,60,4.5,Hillary Clinton,OR,Democrat,Never,g
88,0.96,0,18-29,Female,"Under $20,000",68,55,4,Didn't vote,OR,Democrat,Never,g
35,2,0,40-49,Female,"$80,000 - $99,999",44,7,100,Donald Trump,ME,Republican,More than once a week,g
180,0.89,0.53,30-39,Female,"$60,000 - $79,999",64,69,73,Donald Trump,FL,Republican,Once or twice a month,g
231,1.28,0.2,18-29,Male,"$20,000 - $39,999",33,40,81,Didn't vote,MD,Independent,Seldom,g
321,0.73,1,18-29,Male,"$40,000 - $59,999",106,44,51,Hillary Clinton,AL,Republican,Once or twice a month,g
179,0.6,1,30-39,Female,"$20,000 - $39,999",52.5,67,14,Hillary Clinton,OR,Democrat,Never,g
158,1.87,0,18-29,Female,"$60,000 - $79,999",42,92,0,Hillary Clinton,CA,Democrat,Never,g
213,0.16,1,18-29,Male,"$60,000 - $79,999",106,60.5,53,Donald Trump,FL,Republican,Once or twice a month,g
1321,0.79,0,18-29,Female,"$40,000 - $59,999",52,78,78,Didn't vote,FL,Democrat,Seldom,g
91,1.74,0.4,30-39,Female,"$60,000 - $79,999",770,51,9,Didn't vote,WI,Independent,Never,g
87,0.4,0,18-29,Female,"$80,000 - $99,999",21,85,15,Hillary Clinton,CA,Democrat,Once or twice a month,g
255,1.38,0.4,60-69,Female,"Under $20,000",116,30,81,Didn't vote,WA,Independent,Once a week,g
53,2,0.5,18-29,Female,"$20,000 - $39,999",40.5,70.5,9,Hillary Clinton,WA,Democrat,Never,g
833,0.01,0,18-29,Male,"$40,000 - $59,999",126,76,57.5,Donald Trump,NJ,Democrat,Never,g
71,1.69,0,18-29,Male,"$20,000 - $39,999",51,83,0,Hillary Clinton,OR,Democrat,Never,g
68,1.23,0,18-29,Female,"$40,000 - $59,999",41.5,76.5,31,Hillary Clinton,TX,Democrat,Never,g
87,0.93,0,30-39,Female,"Over $100,000",60,87,19.5,Hillary Clinton,IL,Democrat,Never,g
71,1.75,0,40-49,Female,"Over $100,000",66.5,39.5,17.5,Donald Trump,CO,Republican,Never,g
1718,0.11,1,18-29,Male,"$40,000 - $59,999",1443,61,59,Donald Trump,CA,Democrat,Once a week,g
138,1.98,0.5,60-69,Female,"Under $20,000",54,81,86,Hillary Clinton,PA,Democrat,A few times a year,g
70,1.32,1,30-39,Male,"$80,000 - $99,999",96,58,41,Hillary Clinton,SC,Democrat,Never,g
167,0.69,0.2,40-49,Female,"$40,000 - $59,999",378,24,71,Donald Trump,IL,Republican,A few times a year,g
47,0.32,0.8,30-39,Female,"$60,000 - $79,999",23,100,81,Hillary Clinton,TX,Democrat,Once or twice a month,g
93,0.57,0,30-39,Female,"$20,000 - $39,999",223,30,0,Donald Trump,CA,Independent,Never,g
548,0.19,0,40-49,Female,"$60,000 - $79,999",47,82,0,Hillary Clinton,PA,Democrat,Never,g
94,1.06,0.5,30-39,Male,"$40,000 - $59,999",63,71.5,8.5,Hillary Clinton,PA,Democrat,Never,g
103,0.75,0.6,60-69,Male,"Under $20,000",71,50,85,Donald Trump,OH,Independent,Never,g
106,1.54,0.5,18-29,Female,"Over $100,000",43,73,18.5,Hillary Clinton,CT,Democrat,Seldom,g
77,1.74,1,50-59,Female,"Over $100,000",32,51,9,Hillary Clinton,NY,Independent,Seldom,g
102,0.77,0.2,30-39,Female,"$80,000 - $99,999",36,54,9,Hillary Clinton,OR,Republican,Never,g
66,0.67,0,30-39,Female,"Over $100,000",54,68.5,4.5,Hillary Clinton,MD,Democrat,Never,g
131,1.06,0,30-39,Male,"$40,000 - $59,999",63.5,88,0,Hillary Clinton,PA,Democrat,Never,g
117,1.92,0,18-29,Female,"$20,000 - $39,999",47,69,0,Someone else,IN,Democrat,Never,g
134,1.11,0.4,30-39,Male,"$60,000 - $79,999",2219,46,66,Donald Trump,SC,Republican,Once or twice a month,g
98,0.84,1,50-59,Male,"$60,000 - $79,999",78,4,35,Donald Trump,FL,Republican,Never,g
76,1.37,0.1,30-39,Male,"$40,000 - $59,999",39,9,0,Donald Trump,PA,Republican,Never,g
150,0.76,0.2,30-39,Female,"$80,000 - $99,999",62.5,61.5,12.5,Donald Trump,SC,Republican,Never,g
35,1.85,0,30-39,Female,"$40,000 - $59,999",928,96,89,Hillary Clinton,GA,Democrat,Once or twice a month,g
73,1.63,0.3,18-29,Female,"$80,000 - $99,999",96,68,45,Hillary Clinton,SC,Independent,A few times a year,g
48,1.64,0.4,30-39,Female,"Over $100,000",47.5,85.5,12,Hillary Clinton,OH,Democrat,Never,g
94,0.24,1,18-29,Female,"$20,000 - $39,999",73,86,9,Hillary Clinton,IN,Democrat,Seldom,g
257,1.06,0.35,18-29,Male,"$40,000 - $59,999",116.5,59.5,51,Donald Trump,CA,Republican,Once a week,g
253,0.95,0.2,18-29,Female,"Under $20,000",38,81,10,Hillary Clinton,LA,Democrat,Seldom,g
94,0.06,0,18-29,Male,"$40,000 - $59,999",54.5,76,0,Hillary Clinton,NJ,Democrat,Never,g
80,0.39,1,40-49,Male,"$40,000 - $59,999",82,58.5,60.5,Donald Trump,TX,Republican,A few times a year,g
184,1.34,0,30-39,Male,"$20,000 - $39,999",48.5,58,7,Hillary Clinton,CA,Democrat,Never,g
89,1.32,0.5,30-39,Female,"$40,000 - $59,999",51,60,34,Hillary Clinton,OH,Democrat,Never,g
119,1.32,0,40-49,Female,"Over $100,000",81,9,20,Donald Trump,DE,Republican,A few times a year,g
94,1.14,0.4,60-69,Female,"$20,000 - $39,999",49,83,0,Hillary Clinton,WA,Democrat,Never,g
67,1.23,0,30-39,Male,"$20,000 - $39,999",60.5,58,7,Donald Trump,OH,Independent,Never,g
81,0.82,1,30-39,Male,"$60,000 - $79,999",500,69.5,68,Donald Trump,TX,Democrat,A few times a year,g
102,1.13,0,60-69,Female,"$20,000 - $39,999",73,42,20,Donald Trump,FL,Independent,Seldom,g
138,1.81,0.3,40-49,Female,"$40,000 - $59,999",66,75,86,Hillary Clinton,PA,Democrat,Once a week,g
70,1.12,0.4,30-39,Male,"Under $20,000",28,56,0,Donald Trump,NC,Independent,Never,g
87,1.65,1,30-39,Male,"$80,000 - $99,999",90.5,45,42.5,Donald Trump,TX,Republican,A few times a year,g
105,1.04,0.45,30-39,Male,"$20,000 - $39,999",53,44,75,Didn't vote,MI,Independent,Never,g
94,1.84,1,40-49,Female,"$40,000 - $59,999",77,9,71,Donald Trump,VA,Republican,A few times a year,g
86,1.4,0.4,18-29,Female,"Under $20,000",39,100,1,Hillary Clinton,WA,Democrat,Never,g
263,0.4,0,30-39,Male,"$40,000 - $59,999",950,81,0,Hillary Clinton,VA,Independent,Never,g
88,0.58,0.5,30-39,Female,"Over $100,000",51,50.5,14,Hillary Clinton,KY,Democrat,Never,g
50,1.5,1,60-69,Male,"Over $100,000",79,60.5,6,Hillary Clinton,TX,Democrat,Never,g
253,1.52,0,30-39,Male,"Under $20,000",1024,50,0,Didn't vote,MI,Independent,Never,g
425,1.44,0.6,30-39,Female,"$40,000 - $59,999",110,85,84,Hillary Clinton,PA,Democrat,Once or twice a month,g
117,0.78,0.2,30-39,Male,"$20,000 - $39,999",821,100,0,Hillary Clinton,OR,Democrat,Never,g
120,1.45,0.4,18-29,Male,"$20,000 - $39,999",53,83,9,Didn't vote,NV,Democrat,Never,g
89,1.29,0.5,40-49,Male,"Over $100,000",32,19,0,Donald Trump,CO,Republican,Never,g
305,1.03,0.2,30-39,Female,"$20,000 - $39,999",60,55.5,11,Donald Trump,FL,Independent,Never,g
196,1.7,0,18-29,Male,"Under $20,000",325,43,25,Donald Trump,NY,Independent,A few times a year,g
919,1.28,0,30-39,Male,"$80,000 - $99,999",156,77,0,Someone else,MN,Democrat,Never,g
56,0.29,0.6,18-29,Female,"$20,000 - $39,999",45,84.5,4.5,Hillary Clinton,WA,Democrat,Never,g
814,0.66,0.1,18-29,Male,"$20,000 - $39,999",1399,83,88,Someone else,TX,Independent,Once a week,g
765,0.22,1,30-39,Male,"$60,000 - $79,999",61,71,37.5,Hillary Clinton,TX,Democrat,Never,g
83,0.23,0,18-29,Male,"$20,000 - $39,999",71,79,0,Hillary Clinton,TX,Democrat,Never,g
93,0.23,0,50-59,Male,"$20,000 - $39,999",75,55.5,0.5,Hillary Clinton,MD,Democrat,Never,g
1602,0.03,0,30-39,Female,"$20,000 - $39,999",53,61,3,Donald Trump,FL,Republican,Never,g
1705,0.68,0,18-29,Female,"Under $20,000",38.5,82,1,Hillary Clinton,CA,Democrat,Never,g
139,1.41,0.2,18-29,Male,"$40,000 - $59,999",45,68,24.5,Donald Trump,WA,Republican,Seldom,g
87,1.82,0,18-29,Male,"$60,000 - $79,999",45.5,45,9,Hillary Clinton,CA,Democrat,Never,g
113,0.5,0,18-29,Male,"$40,000 - $59,999",127,19,0,Donald Trump,NJ,Republican,Seldom,g
94,1.65,1,30-39,Female,"$20,000 - $39,999",53,72,67,Hillary Clinton,CA,Independent,A few times a year,g
145,0.72,0,30-39,Male,"$20,000 - $39,999",461,72.5,64.5,Donald Trump,TX,Democrat,Once a week,g
166,0.02,1,30-39,Male,"$40,000 - $59,999",114,72.5,36,Hillary Clinton,TX,Democrat,Never,g
85,1,0.5,18-29,Female,"$40,000 - $59,999",41.5,59.5,48,Hillary Clinton,TX,Democrat,Never,g
65,1.46,0,30-39,Male,"Over $100,000",186,67,0,Someone else,OH,Independent,Never,g
523,1.11,0,18-29,Male,"$20,000 - $39,999",57,85,0,Hillary Clinton,NM,Democrat,Never,g
115,0.65,0,30-39,Female,"Over $100,000",49,68.5,4.5,Hillary Clinton,KY,Democrat,Never,g
69,0.69,0,18-29,Male,"$20,000 - $39,999",25,75,0,Hillary Clinton,CA,Democrat,Never,g
195,1.63,0.2,60-69,Male,"$20,000 - $39,999",58,90,0,Someone else,IL,Independent,Never,g
38,1.89,0.5,40-49,Female,"$80,000 - $99,999",33,31,70,Donald Trump,LA,Independent,A few times a year,g
749,1.38,0.4,18-29,Male,"$20,000 - $39,999",52.5,82,4.5,Someone else,IL,Democrat,Never,g
75,0.92,0,18-29,Male,"$20,000 - $39,999",55,80.5,0,Hillary Clinton,NJ,Democrat,Never,g
119,0.47,0,30-39,Female,"$40,000 - $59,999",45.5,59.5,34.5,Hillary Clinton,IN,Democrat,Never,g
100,1.3,0.1,18-29,Male,"$20,000 - $39,999",55,81.5,0,Hillary Clinton,OK,Democrat,Never,g
85,0.4,0,40-49,Female,"$40,000 - $59,999",41,87,0,Donald Trump,NY,Independent,Never,g
121,0.04,0,40-49,Male,"$20,000 - $39,999",54.5,41,19.5,Hillary Clinton,CA,Democrat,Never,g
197,1.29,0.4,30-39,Female,"$60,000 - $79,999",56,100,0,Hillary Clinton,OH,Democrat,Never,g
137,0.79,0,18-29,Male,"$20,000 - $39,999",55,80.5,0,Hillary Clinton,NJ,Democrat,Never,g
70,0.05,0.2,40-49,Female,"$40,000 - $59,999",59,50,16,Didn't vote,OK,Independent,Seldom,g
1503,0.6,1,30-39,Male,"$60,000 - $79,999",29,100,0,Hillary Clinton,MA,Democrat,Never,g
63,0.68,0.4,30-39,Female,"$40,000 - $59,999",34,19,52,Someone else,CO,Republican,A few times a year,g
127,1.86,0.4,30-39,Female,"$40,000 - $59,999",65,51,34,Hillary Clinton,PA,Democrat,Never,g
102,0.9,0,40-49,Male,"Under $20,000",53,60,0,Didn't vote,MA,Democrat,Never,g
249,0.49,0,18-29,Male,"$40,000 - $59,999",85,95,0,Hillary Clinton,NJ,Democrat,Never,g
72,1.57,1,18-29,Male,"Over $100,000",45,71.5,9,Hillary Clinton,IN,Democrat,Never,g
107,1.09,0,40-49,Female,"Over $100,000",62,24,3,Donald Trump,CO,Republican,Never,g
168,1.83,0.8,18-29,Female,"Under $20,000",123,60,22,Didn't vote,FL,Democrat,A few times a year,g
489,1.15,0,30-39,Male,"$20,000 - $39,999",128,9,66,Donald Trump,CO,Republican,Seldom,g
143,0.24,1,18-29,Female,"$20,000 - $39,999",1763,87,0,Didn't vote,NJ,Democrat,Never,g
60,1.83,0.4,40-49,Female,"Over $100,000",76,55,15,Donald Trump,MD,Republican,Seldom,g
96,0.37,0,30-39,Male,"$40,000 - $59,999",59.5,88,0,Hillary Clinton,CA,Democrat,Never,g
208,0.35,0.5,60-69,Male,"Under $20,000",62,100,0,Someone else,MO,Democrat,Never,g
91,1.32,0.2,18-29,Female,"$60,000 - $79,999",48,82,15,Hillary Clinton,WA,Democrat,Never,g
86,1.58,0,40-49,Male,"$20,000 - $39,999",58,0,76,Someone else,MN,Republican,Once a week,g
264,0.67,1,40-49,Male,"Under $20,000",87,60,50,Didn't vote,IN,Democrat,Seldom,g
96,1.4,0,40-49,Female,"Over $100,000",73.5,52.5,13.5,Donald Trump,IL,Republican,A few times a year,f
619,1.47,0,30-39,Female,"$40,000 - $59,999",2999,51,11,Didn't vote,WI,Independent,Never,f
179,1.93,1,18-29,Female,"$60,000 - $79,999",118.5,57.5,54.5,Donald Trump,NC,Republican,Once or twice a month,f
90,0.22,0.5,30-39,Female,"$20,000 - $39,999",41,79,13,Hillary Clinton,MS,Democrat,Never,f
156,1.91,0.05,30-39,Female,"$40,000 - $59,999",30,50,0,Hillary Clinton,CA,Independent,Never,f
68,1.87,0.4,30-39,Female,"Over $100,000",35,71,35,Hillary Clinton,OH,Democrat,Never,f
354,0.45,0.2,30-39,Male,"$20,000 - $39,999",103,81,78,Donald Trump,FL,Republican,Once a week,f
810,1.96,0,18-29,Male,"$80,000 - $99,999",60.5,68,36.5,Hillary Clinton,NJ,Democrat,Never,f
190,0.36,1,50-59,Male,"Under $20,000",46,73,0,Hillary Clinton,AL,Democrat,Never,f
466,1.98,0.2,50-59,Female,"$80,000 - $99,999",627,81,20,Hillary Clinton,AZ,Democrat,Seldom,f
189,1.54,0.2,50-59,Female,"$40,000 - $59,999",84,40,86,Didn't vote,AZ,Republican,A few times a year,f
366,0.78,0.2,60-69,Female,"$60,000 - $79,999",256,15,80,Donald Trump,PA,Republican,Once a week,f
155,1.44,0.4,40-49,Male,"$20,000 - $39,999",88,95,0,Hillary Clinton,FL,Democrat,Never,f
75,1.16,1,18-29,Male,"$40,000 - $59,999",2298,71,64,Donald Trump,TX,Republican,Once a week,f
168,1.78,0.6,50-59,Female,"Under $20,000",153,45,1,Someone else,IN,Independent,Never,f
78,1.95,1,50-59,Male,"$20,000 - $39,999",55,66.5,2.5,Hillary Clinton,KY,Democrat,Never,f
85,0.19,0,30-39,Female,"$60,000 - $79,999",49,92,7,Hillary Clinton,MD,Democrat,Seldom,f
152,0.99,0,18-29,Female,"Under $20,000",82,82,0,Hillary Clinton,NY,Democrat,Seldom,f
84,0.23,1,30-39,Male,"$60,000 - $79,999",55,63,0,Hillary Clinton,KY,Democrat,Never,f
124,0.14,0,50-59,Female,"Over $100,000",41,85,66,Hillary Clinton,IA,Democrat,More than once a week,f
56,1.57,0,18-29,Male,"Over $100,000",38.5,60,15.5,Hillary Clinton,AL,Democrat,Never,f
68,1.72,1,30-39,Male,"$60,000 - $79,999",29,1,81,Donald Trump,CT,Republican,Never,f
73,1.82,0.2,18-29,Male,"$40,000 - $59,999",34,57,40,Donald Trump,WA,Independent,A few times a year,f
1298,1.97,0.6,18-29,Male,"$40,000 - $59,999",1456,78,66,Hillary Clinton,AL,Democrat,Seldom,f
109,0.26,0,30-39,Female,"$20,000 - $39,999",56.5,80,12,Hillary Clinton,TX,Democrat,Never,f
165,1.88,0.2,18-29,Female,Prefer not to state,111,76,0,Hillary Clinton,PA,Independent,Never,f
1595,1.35,1,30-39,Female,"$20,000 - $39,999",66.5,58,62.5,Didn't vote,WI,Democrat,Never,f
133,1.09,1,40-49,Female,"$20,000 - $39,999",126,0,1,Didn't vote,MA,Independent,Never,f
142,0.69,0.2,30-39,Male,"$20,000 - $39,999",335,70.5,41,Donald Trump,TX,Democrat,Once a week,f
100,1.97,0.05,40-49,Female,"$40,000 - $59,999",413,62,71,Donald Trump,IL,Democrat,A few times a year,f
56,0.83,1,50-59,Male,"Over $100,000",36,61,10,Didn't vote,FL,Independent,Never,f
139,0.75,0,40-49,Male,"Over $100,000",45,40,0,Donald Trump,IL,Republican,Never,f
111,0.54,1,30-39,Male,"Over $100,000",58,68,0,Hillary Clinton,CO,Independent,Never,f
49,0.62,0.4,30-39,Female,"Over $100,000",36,19,60,Donald Trump,NC,Republican,Once or twice a month,f
158,1.12,0.4,40-49,Female,"Over $100,000",59,8,16,Someone else,CA,Republican,A few times a year,f
262,1.42,0.13,18-29,Male,"Under $20,000",201,71,71,Donald Trump,TX,Independent,Once a week,f
96,1.13,0,30-39,Male,"$60,000 - $79,999",41,19,98,Someone else,OH,Republican,More than once a week,f
205,1.91,0.5,18-29,Male,"$40,000 - $59,999",870,51,51,Didn't vote,TN,Democrat,Never,f
256,0.38,1,70 or over,Female,"$20,000 - $39,999",96,0,100,Donald Trump,KY,Republican,More than once a week,f
49,0.79,0,30-39,Female,"$60,000 - $79,999",42,50.5,13,Didn't vote,WI,Independent,Never,f
68,0.92,0,40-49,Female,"Over $100,000",52,67,0,Hillary Clinton,MI,Democrat,Never,f
106,1.01,0.2,50-59,Female,"$60,000 - $79,999",50.5,40,54.5,Didn't vote,FL,Independent,Never,f
170,1.25,0.6,30-39,Female,"$40,000 - $59,999",65,8,100,Didn't vote,CA,Republican,More than once a week,f
78,1.77,1,30-39,Female,"$80,000 - $99,999",41,30.5,31,Hillary Clinton,CA,Democrat,Never,f
87,0.6,0,60-69,Female,"Over $100,000",49,100,0,Hillary Clinton,MD,Democrat,Never,f
119,0.62,0.5,18-29,Female,"$60,000 - $79,999",131,51,51,Donald Trump,TX,Republican,Seldom,f
82,1.41,0.4,50-59,Female,"$40,000 - $59,999",45,100,0,Didn't vote,WA,Democrat,Never,f
187,0.99,0,18-29,Male,"$60,000 - $79,999",47.5,66,2,Hillary Clinton,KY,Democrat,Never,f
50,0.55,0,30-39,Male,"$40,000 - $59,999",34,66,36,Didn't vote,IL,Independent,Seldom,f
334,0.57,0,18-29,Male,"Over $100,000",42.5,73,0,Hillary Clinton,CA,Democrat,Never,f
444,1.66,0.165,18-29,Male,"$80,000 - $99,999",311,85,95,Donald Trump,TX,Republican,Once a week,f
151,1.15,0.23,18-29,Female,"$20,000 - $39,999",285,87,64,Donald Trump,TX,Independent,A few times a year,f
173,1.38,0.2,18-29,Female,"Under $20,000",98,76,23,Didn't vote,PA,Independent,Never,f
57,0.79,0,18-29,Male,"$80,000 - $99,999",205,73,69.5,Donald Trump,TX,Republican,Once a week,f
115,0.47,0,30-39,Female,"$20,000 - $39,999",55.5,79,12,Hillary Clinton,NY,Democrat,Never,f
209,1.46,0.41,30-39,Male,"$20,000 - $39,999",59,70.5,7,Hillary Clinton,KY,Democrat,Never,f
632,1.63,1,18-29,Male,"$20,000 - $39,999",68.5,76,67.5,Hillary Clinton,AL,Democrat,Never,f
62,1.68,0,18-29,Male,"$40,000 - $59,999",31,46,22,Donald Trump,AL,Republican,Never,f
86,0.02,0,70 or over,Male,"$20,000 - $39,999",48,42,8,Donald Trump,TN,Independent,Never,f
137,1.52,0,30-39,Female,"$20,000 - $39,999",53,100,60,Hillary Clinton,NV,Democrat,Never,f
134,0.3,1,40-49,Female,Prefer not to state,104,51,70,Donald Trump,MI,Independent,A few times a year,f
1570,0.53,0.4,30-39,Female,"$60,000 - $79,999",1075,51,71,Donald Trump,IA,Independent,A few times a year,f
221,1.27,1,30-39,Male,"$20,000 - $39,999",461,72,83,Donald Trump,TX,Democrat,A few times a year,f
108,0.28,0,18-29,Female,"$20,000 - $39,999",69,51,51,Hillary Clinton,TX,Democrat,Seldom,f
117,1.21,1,50-59,Female,"Under $20,000",51.5,47.5,16,Didn't vote,FL,Independent,Never,f
198,1.03,1,40-49,Male,"$40,000 - $59,999",46,84,73,Donald Trump,TX,Republican,Once a week,f
106,1.14,0.5,40-49,Male,"$40,000 - $59,999",1654,68,62,Donald Trump,TX,Democrat,Once a week,f
541,0.6,0,18-29,Female,"$40,000 - $59,999",41,77,0,Hillary Clinton,CA,Democrat,Never,f
109,1.17,0.4,60-69,Female,"$80,000 - $99,999",88.5,30.5,69.5,Donald Trump,TX,Republican,Once a week,f
63,1.75,0,30-39,Female,"$60,000 - $79,999",51,50.5,8.5,Hillary Clinton,PA,Democrat,Never,f
55,0.05,1,18-29,Female,"$40,000 - $59,999",92,39.5,51,Donald Trump,TX,Republican,Once a week,f
140,0.4,0.4,40-49,Female,"Over $100,000",45.5,68.5,1.5,Hillary Clinton,MI,Democrat,Never,f
86,0.89,0.2,60-69,Female,"Over $100,000",39,99,4,Hillary Clinton,SC,Democrat,Never,f
111,0.71,0,30-39,Male,"$40,000 - $59,999",844,98,77,Hillary Clinton,FL,Democrat,Seldom,f
156,1.62,0.32,40-49,Male,"$60,000 - $79,999",73,78,80,Hillary Clinton,UT,Something else,Once a week,f
122,1.88,0.8,18-29,Male,"$60,000 - $79,999",52,76,53,Hillary Clinton,AL,Democrat,Never,f
32,1.15,0,18-29,Female,"Over $100,000",24,0,100,Donald Trump,CA,Republican,Once a week,f
214,0.58,1,18-29,Male,"$40,000 - $59,999",802,74,81,Didn't vote,TX,Democrat,Once a week,f
214,0.13,0.13,18-29,Male,"$20,000 - $39,999",209,72,69,Donald Trump,TX,Independent,Once a week,f
133,0.65,0,30-39,Male,"Under $20,000",454,0,78,Donald Trump,MO,Republican,Seldom,f
114,0.39,0,30-39,Female,"Under $20,000",65.5,51,7.5,Hillary Clinton,NY,Democrat,Never,f
90,1.62,1,18-29,Male,"$40,000 - $59,999",106,44,51,Hillary Clinton,AL,Republican,Once or twice a month,f
56,0.08,0,30-39,Male,"$80,000 - $99,999",31,45,2,Donald Trump,WI,Republican,A few times a year,f
944,1.15,0,18-29,Male,"Under $20,000",337,65,0,Hillary Clinton,OH,Democrat,Never,f
136,1.7,0.6,30-39,Male,"$60,000 - $79,999",500,73.5,63.5,Donald Trump,TX,Democrat,A few times a year,f
239,0.01,0,18-29,Male,"$20,000 - $39,999",32,78,29.5,Hillary Clinton,TX,Democrat,Never,f
98,0.91,0,30-39,Male,"$40,000 - $59,999",73,92,0,Hillary Clinton,CA,Democrat,Never,f
228,1.03,0,18-29,Female,"$60,000 - $79,999",44,64.5,37,Hillary Clinton,NY,Democrat,Never,f
74,0.14,0,18-29,Male,"$80,000 - $99,999",180,71.5,30,Donald Trump,TX,Republican,Once a week,f
90,1.49,0,30-39,Male,"$20,000 - $39,999",53.5,47.5,8,Hillary Clinton,CA,Democrat,Never,f
88,0.53,0,40-49,Male,"$40,000 - $59,999",52,100,5,Hillary Clinton,FL,Democrat,Never,f
117,0.78,0,30-39,Male,"$80,000 - $99,999",69,8,0,Donald Trump,FL,Republican,Never,f
117,0.41,0,18-29,Female,"Over $100,000",58,93,73,Didn't vote,NY,Democrat,A few times a year,f
1448,0.02,0.8,30-39,Female,"Over $100,000",2789,80,0,Didn't vote,MD,Democrat,Never,f
297,1.5,0,18-29,Male,"$20,000 - $39,999",109,86,0,Hillary Clinton,KY,Democrat,Never,f
84,1.46,0.4,30-39,Female,"Over $100,000",44,41,0,Hillary Clinton,PA,Republican,Never,f
105,0.3,0.2,30-39,Female,"$40,000 - $59,999",59,48,4,Donald Trump,PA,Republican,Never,f
201,1.04,1,30-39,Male,"$40,000 - $59,999",69,77,84,Donald Trump,TX,Republican,A few times a year,f
1105,1.32,0.8,18-29,Female,"Under $20,000",2760,94,0,Hillary Clinton,AL,Independent,Never,f
176,1.3,1,40-49,Male,"$20,000 - $39,999",65,2,95,Donald Trump,TX,Republican,Once or twice a month,f
116,1.92,1,30-39,Male,"$20,000 - $39,999",59,63.5,7,Hillary Clinton,KY,Democrat,Never,f
131,1.9,0.25,40-49,Female,"$40,000 - $59,999",39,60,0,Hillary Clinton,WA,Independent,Seldom,f
102,1.13,0.4,30-39,Male,"$20,000 - $39,999",63,91,0,Hillary Clinton,IN,Democrat,Never,f
95,1.68,0.8,18-29,Female,"Under $20,000",44,67.5,11.5,Hillary Clinton,PA,Independent,Never,f
180,0.45,0,18-29,Male,"$60,000 - $79,999",247,66,52,Donald Trump,TX,Independent,Once a week,f
167,0.49,0,30-39,Female,"$20,000 - $39,999",56.5,79,18,Hillary Clinton,TX,Democrat,Never,f
68,0.32,1,18-29,Male,"$40,000 - $59,999",47,60,0,Hillary Clinton,PA,Democrat,Never,f
466,1.67,0,18-29,Male,"$40,000 - $59,999",26,89,0,Hillary Clinton,NY,Democrat,Never,f
342,1.27,0.3,30-39,Female,"$20,000 - $39,999",47.5,55.5,59.5,Hillary Clinton,TX,Democrat,Seldom,f
71,1.58,0.32,30-39,Female,"Under $20,000",89,60,63,Didn't vote,GA,Democrat,Once a week,f
81,0.96,0.5,40-49,Female,"Over $100,000",920,93,0,Hillary Clinton,AL,Democrat,Never,f
122,0.65,0,18-29,Female,"$80,000 - $99,999",57,31,27,Hillary Clinton,NJ,Republican,Seldom,f
134,0.66,0,30-39,Female,"$60,000 - $79,999",41,100,0,Hillary Clinton,NC,Democrat,Never,f
12,0.03,1,70 or over,Male,"$80,000 - $99,999",159,100,100,Donald Trump,NJ,Republican,Once a week,f
78,1.82,0.1,30-39,Female,"$60,000 - $79,999",97,50,58,Didn't vote,MN,Independent,Never,f
502,0.27,0.2,30-39,Female,"$60,000 - $79,999",35,51,8,Didn't vote,MA,Independent,Seldom,f
121,1.32,0.4,40-49,Female,"$60,000 - $79,999",61,85,0,Hillary Clinton,CA,Democrat,Never,f
121,1.2,0,30-39,Male,"$20,000 - $39,999",101,19,0,Donald Trump,WA,Republican,Never,f
106,1.02,0,30-39,Male,"Under $20,000",49,10,92,Someone else,MS,Independent,Once a week,f
83,1.62,0,30-39,Male,"$80,000 - $99,999",39,40,71,Donald Trump,GA,Independent,A few times a year,f
1016,1.03,0,18-29,Female,"Under $20,000",306,100,0,Didn't vote,PA,Something else,Never,f
212,1.18,0,30-39,Male,"Over $100,000",40,86,0,Hillary Clinton,MI,Democrat,Never,f
132,1.06,1,50-59,Male,"$60,000 - $79,999",64,79,72,Someone else,UT,Independent,Once a week,f
107,1.72,0.25,30-39,Female,"Over $100,000",35,81,0,Didn't vote,GA,Democrat,Never,f
415,1.38,0,30-39,Male,"$40,000 - $59,999",29,50,0,Hillary Clinton,LA,Independent,Never,f
249,0.11,0.11,18-29,Male,"$20,000 - $39,999",205,79.5,60,Donald Trump,TX,Republican,Once a week,f
543,1.06,0,40-49,Male,"$60,000 - $79,999",645,91,0,Hillary Clinton,AZ,Democrat,Never,f
86,0.62,0.5,40-49,Female,"Over $100,000",328,13,39,Donald Trump,IL,Republican,A few times a year,f
689,1.02,0,30-39,Female,"$20,000 - $39,999",55,73,59,Hillary Clinton,TX,Democrat,Seldom,f
122,0.65,0.6,30-39,Male,"$60,000 - $79,999",100,88,14,Didn't vote,NY,Republican,Never,f
260,1.42,0.6,70 or over,Male,"$60,000 - $79,999",256,69,64,Donald Trump,TX,Republican,Once a week,f
227,1.1,0,30-39,Female,"Over $100,000",41,88,20,Didn't vote,KY,Democrat,Seldom,f
631,0.21,0,40-49,Male,"Under $20,000",2317,81,0,Hillary Clinton,CA,Independent,Never,f
84,0.76,0,18-29,Female,"$40,000 - $59,999",59.5,64,19,Hillary Clinton,NY,Democrat,Never,f
68,1.32,0,18-29,Female,"$40,000 - $59,999",31,100,0,Hillary Clinton,NY,Democrat,Never,f
93,1.53,0,40-49,Female,"Over $100,000",62,24,3,Donald Trump,CO,Republican,Never,f
1149,1.37,0,50-59,Male,"$20,000 - $39,999",55,100,0,Hillary Clinton,LA,Democrat,Never,f
89,1.81,1,30-39,Female,"$80,000 - $99,999",78,90,0,Hillary Clinton,NJ,Democrat,Never,f
1188,0.21,1,18-29,Male,"$20,000 - $39,999",28,84,0,Hillary Clinton,NC,Democrat,Never,f
291,1.9,0.2,18-29,Female,"$60,000 - $79,999",61,100,19,Hillary Clinton,AL,Democrat,A few times a year,f
124,0.16,0.2,30-39,Female,"$40,000 - $59,999",89,89,6,Hillary Clinton,PA,Democrat,Never,f
552,0.29,0,30-39,Female,"$40,000 - $59,999",1475,100,0,Hillary Clinton,NY,Democrat,Never,f
132,0.1,0,40-49,Female,"$60,000 - $79,999",46,71,0,Hillary Clinton,MI,Democrat,Never,f
78,1.39,0.2,18-29,Female,"$20,000 - $39,999",41,64,74,Hillary Clinton,WA,Democrat,Once a week,f
235,1.79,1,50-59,Female,"$20,000 - $39,999",65,51,24,Hillary Clinton,FL,Democrat,Never,f
98,0.53,1,40-49,Female,"$80,000 - $99,999",90,29,81,Hillary Clinton,NY,Republican,Once a week,f
249,0.79,0.4,30-39,Male,"$80,000 - $99,999",88,75,84,Someone else,AL,Democrat,Once a week,f
141,0.65,0.4,30-39,Male,"Under $20,000",59,65.5,7,Hillary Clinton,CA,Democrat,Never,f
236,0.11,0,30-39,Male,Prefer not to state,27,50,0,Didn't vote,MO,Independent,Never,f
553,1.43,0.5,30-39,Male,"Over $100,000",38,88,61,Hillary Clinton,TN,Democrat,Once a week,f
77,1.49,0,30-39,Female,"$40,000 - $59,999",31,81,45,Hillary Clinton,IN,Democrat,A few times a year,f
64,1.98,0,30-39,Female,"$40,000 - $59,999",67,93,5,Hillary Clinton,IL,Democrat,Never,f
839,1.63,0.25,50-59,Female,"$40,000 - $59,999",166,59,3,Someone else,WA,Independent,Seldom,f
157,1.01,0.4,50-59,Female,"$20,000 - $39,999",58,40,59,Didn't vote,FL,Independent,Seldom,f
18,0.42,0.6,60-69,Male,"$80,000 - $99,999",15,31,85,Donald Trump,TX,Republican,Once a week,f
977,1.81,0.5,18-29,Male,"$60,000 - $79,999",55,74.5,30,Hillary Clinton,AL,Democrat,Never,f
1306,0.65,1,40-49,Male,"$40,000 - $59,999",80,62,67,Donald Trump,TX,Something else,Once or twice a month,f
97,0.13,0.2,40-49,Female,"$20,000 - $39,999",71,100,71,Hillary Clinton,OH,Democrat,Seldom,f
169,1.19,1,30-39,Male,"$40,000 - $59,999",354,76.5,76,Donald Trump,TX,Republican,Once a week,f
55,0.24,1,40-49,Female,Prefer not to state,29,95,0,Hillary Clinton,CA,Democrat,Never,f
337,0.49,0.49,40-49,Male,"$60,000 - $79,999",82,61,67,Someone else,UT,Independent,Once or twice a month,f
69,0.95,1,40-49,Male,"Over $100,000",53.5,56,5,Hillary Clinton,AL,Democrat,Never,f
81,0.46,1,18-29,Female,"$80,000 - $99,999",48,41,10.5,Hillary Clinton,NJ,Democrat,Never,f
110,1.56,0.4,30-39,Female,"Over $100,000",39,100,0,Hillary Clinton,WI,Democrat,Seldom,f
56,1.79,0,30-39,Female,"$20,000 - $39,999",58,81,0,Hillary Clinton,MA,Independent,Never,f
107,1.93,0.6,50-59,Female,"$60,000 - $79,999",48.5,42.5,11.5,Hillary Clinton,NY,Democrat,Seldom,f
366,1.27,0,40-49,Male,"Over $100,000",55,43,66,Didn't vote,PA,Independent,Seldom,f
147,0.29,0.6,40-49,Female,"$20,000 - $39,999",65,51,19,Didn't vote,MI,Independent,Seldom,f
121,1.08,0.55,30-39,Male,"$40,000 - $59,999",59,91,8,Someone else,MA,Independent,Never,f
64,1.95,0,18-29,Male,"$40,000 - $59,999",49.5,76,45.5,Hillary Clinton,AL,Democrat,Never,f
187,1.82,1,30-39,Male,"$80,000 - $99,999",135.5,73.5,75.5,Donald Trump,TX,Republican,Once a week,f
87,1.39,1,18-29,Female,"Under $20,000",37,50,0,Didn't vote,FL,Independent,Never,f
427,0.43,0.1,18-29,Male,"$20,000 - $39,999",32,79.5,34.5,Hillary Clinton,TX,Democrat,Never,f
685,0.63,0,30-39,Female,"$40,000 - $59,999",34,100,0,Hillary Clinton,NY,Something else,Never,f
95,1.57,0.6,40-49,Female,"Over $100,000",45,70,29,Hillary Clinton,CO,Democrat,Seldom,f
345,1.01,1,30-39,Female,"$60,000 - $79,999",42,32,90,Donald Trump,NC,Independent,Once a week,f
97,1.18,1,40-49,Male,"$80,000 - $99,999",49,81,0,Hillary Clinton,AL,Democrat,Never,f
86,0.6,0,18-29,Female,"$80,000 - $99,999",39,71,39,Hillary Clinton,TX,Democrat,Never,f
72,1.98,0.2,50-59,Male,"$60,000 - $79,999",36,81,0,Hillary Clinton,UT,Democrat,Never,f
355,1.94,0,30-39,Male,"$40,000 - $59,999",43,68,66,Hillary Clinton,NJ,Democrat,A few times a year,f
106,0.78,0.5,18-29,Male,"Under $20,000",27,82,0,Hillary Clinton,PA,Democrat,Never,f
229,1.33,0.8,40-49,Male,"$40,000 - $59,999",1249,76,77,Donald Trump,NY,Republican,Once a week,f
90,0.81,0.2,18-29,Female,"Over $100,000",71,28,21,Donald Trump,FL,Republican,Never,f
75,1.95,1,30-39,Female,"$80,000 - $99,999",41,81,0,Hillary Clinton,IA,Independent,Never,f
267,1.22,0.12,18-29,Male,"$60,000 - $79,999",52,66,2,Hillary Clinton,KY,Democrat,Never,f
118,0.38,1,30-39,Female,Prefer not to state,1359,14,51,Donald Trump,NC,Republican,A few times a year,f
117,0.09,0.2,18-29,Male,"$20,000 - $39,999",247,78,57.5,Donald Trump,TX,Independent,Once a week,f
143,1.94,0,18-29,Female,"$60,000 - $79,999",64.5,57.5,35,Didn't vote,AL,Democrat,Never,f
66,0.8,0,18-29,Female,"$60,000 - $79,999",32,29,100,Someone else,OH,Republican,More than once a week,f
75,1.96,0,30-39,Male,"$20,000 - $39,999",32,55,5,Donald Trump,IL,Democrat,Seldom,f
158,1.54,0,30-39,Male,"$40,000 - $59,999",49.5,70.5,0,Hillary Clinton,CA,Democrat,Never,d
83,0.18,0,30-39,Female,"$60,000 - $79,999",52.5,82,13,Hillary Clinton,KY,Democrat,Never,d
83,0.13,0.2,18-29,Female,"Under $20,000",52,100,19,Hillary Clinton,AZ,Democrat,Seldom,d
87,1.98,0.5,30-39,Female,"$60,000 - $79,999",59,39,30,Donald Trump,OR,Republican,A few times a year,d
108,0.18,0,50-59,Male,"$80,000 - $99,999",76,34.5,10.5,Donald Trump,FL,Republican,Never,d
88,0.49,0.4,30-39,Male,"$60,000 - $79,999",36,85,0,Hillary Clinton,TX,Democrat,Never,d
1032,1.55,0.4,18-29,Male,"$60,000 - $79,999",3092,98,4,Hillary Clinton,NC,Democrat,Seldom,d
149,1.51,0,50-59,Male,"$60,000 - $79,999",53,5,94,Donald Trump,NV,Republican,Once a week,d
717,1.2,0.5,18-29,Male,"$20,000 - $39,999",930,71,77,Donald Trump,MN,Democrat,Once a week,d
76,1.94,0,30-39,Female,"Under $20,000",56,1,97,Someone else,UT,Republican,Once a week,d
108,1.06,0.6,18-29,Female,"Under $20,000",58,87.5,9.5,Hillary Clinton,AZ,Democrat,Seldom,d
93,1.21,0.4,60-69,Male,"$20,000 - $39,999",66,81,0,Hillary Clinton,VA,Independent,Never,d
130,1.74,0.4,60-69,Female,"$60,000 - $79,999",98,62,78,Donald Trump,CA,Republican,Once or twice a month,d
146,0.75,1,40-49,Male,"Over $100,000",26,51,0,Hillary Clinton,AZ,Independent,Never,d
115,1.96,0.4,50-59,Female,"$20,000 - $39,999",52,51,94,Didn't vote,MN,Independent,Seldom,d
112,1.58,0,40-49,Female,"$60,000 - $79,999",60,73.5,52,Donald Trump,MI,Republican,Once or twice a month,d
82,1.7,0.09,30-39,Male,"$60,000 - $79,999",99.5,43,62.5,Donald Trump,TX,Republican,Once a week,d
129,1.11,0,50-59,Male,"Over $100,000",180,11,95,Donald Trump,OK,Republican,Seldom,d
65,1.42,1,30-39,Male,"$80,000 - $99,999",179.5,62.5,45,Donald Trump,TX,Republican,A few times a year,d
84,1.64,0.4,50-59,Male,Prefer not to state,50,5,100,Donald Trump,VA,Independent,Seldom,d
104,0.06,0,18-29,Female,"Under $20,000",71,84.5,10,Hillary Clinton,AZ,Democrat,Seldom,d
885,0.77,0.4,30-39,Female,"$20,000 - $39,999",513,24,82,Hillary Clinton,FL,Democrat,More than once a week,d
840,0.44,0,18-29,Female,"Under $20,000",2276,95,1,Hillary Clinton,CA,Democrat,Seldom,d
203,0.43,0.1,18-29,Male,"$40,000 - $59,999",2186,85,85,Donald Trump,DC,Republican,Once or twice a month,d
946,1.82,0.3,30-39,Female,"Under $20,000",70,85,0,Hillary Clinton,OH,Democrat,Never,d
230,1.24,0,30-39,Male,Prefer not to state,88,57,39,Hillary Clinton,CA,Democrat,Once or twice a month,d
93,0.96,0,18-29,Male,"Under $20,000",254,72.5,55,Donald Trump,NY,Republican,Once or twice a month,d
477,0.92,0.2,30-39,Female,"$40,000 - $59,999",50,100,1,Hillary Clinton,CA,Democrat,Seldom,d
138,1.63,0.7,40-49,Female,"$80,000 - $99,999",88,38.5,75,Donald Trump,CA,Republican,Once or twice a month,d
360,0.61,1,18-29,Male,"Over $100,000",142,76,73,Donald Trump,NY,Republican,Once or twice a month,d
136,0.27,0,18-29,Female,"$40,000 - $59,999",89,39,51,Didn't vote,PA,Republican,Never,d
126,1.88,1,30-39,Female,"$20,000 - $39,999",103,100,0,Hillary Clinton,WV,Democrat,Never,d
272,0.64,0.2,60-69,Female,"$20,000 - $39,999",49,77.5,13.5,Hillary Clinton,WA,Democrat,Never,d
114,1.64,0,30-39,Male,"$40,000 - $59,999",29,39,0,Didn't vote,NJ,Independent,Never,d
232,0.48,0.6,30-39,Female,"$60,000 - $79,999",874,73,65,Donald Trump,TX,Democrat,A few times a year,d
201,1.97,0.6,30-39,Male,"$40,000 - $59,999",1242,66,63,Donald Trump,TX,Republican,A few times a year,d
124,0.05,0,18-29,Male,"$20,000 - $39,999",125,60,0,Donald Trump,MI,Democrat,Never,d
192,1.81,0.5,18-29,Female,"$40,000 - $59,999",471.5,81.5,65,Donald Trump,NY,Republican,Once a week,d
76,1.81,1,18-29,Female,"$60,000 - $79,999",99,86,75,Donald Trump,NY,Republican,Once a week,d
56,1.85,0,30-39,Male,"Over $100,000",37,88,0,Hillary Clinton,IL,Democrat,Never,d
70,0.66,0,40-49,Male,"$40,000 - $59,999",53,65,16.5,Hillary Clinton,PA,Democrat,Never,d
90,1.94,0.4,30-39,Female,"$60,000 - $79,999",49,100,81,Hillary Clinton,SD,Democrat,Never,d
95,1.21,1,50-59,Male,"$20,000 - $39,999",53,82,0,Hillary Clinton,TX,Democrat,Never,d
116,0.8,0,30-39,Female,"$40,000 - $59,999",367,40,50,Someone else,IL,Independent,Once or twice a month,d
64,1.34,0,18-29,Female,"$60,000 - $79,999",34,50,78,Didn't vote,NJ,Independent,A few times a year,d
66,1.56,0.6,18-29,Male,"$60,000 - $79,999",120,50,0,Didn't vote,IL,Democrat,Never,d
90,0.94,0.2,18-29,Female,"$60,000 - $79,999",157,79.5,45.5,Donald Trump,NY,Republican,Once or twice a month,d
243,0.75,0.4,50-59,Female,"$40,000 - $59,999",79,0,90,Donald Trump,NC,Republican,Once or twice a month,d
84,0.31,1,50-59,Other / Prefer not to state,"$40,000 - $59,999",61,96,81,Someone else,FL,Democrat,A few times a year,d
82,0.68,0.2,18-29,Male,"$40,000 - $59,999",90.5,61,51.5,Donald Trump,CA,Republican,Once a week,d
76,0.22,0,50-59,Male,"$20,000 - $39,999",74,72,3,Hillary Clinton,OH,Democrat,Never,d
446,0.99,0.4,60-69,Female,"Under $20,000",126,58,61,Donald Trump,NC,Independent,Seldom,d
240,0.73,0.25,50-59,Male,"$20,000 - $39,999",64.5,80.5,2,Hillary Clinton,TX,Democrat,Never,d
69,1.3,0,18-29,Male,"Under $20,000",205,71,29,Donald Trump,NY,Independent,Once a week,d
345,0.33,0,30-39,Female,"$40,000 - $59,999",45.5,78.5,10,Hillary Clinton,NY,Democrat,Never,d
104,1.99,0.5,50-59,Female,"$20,000 - $39,999",43,51,39,Hillary Clinton,FL,Independent,Never,d
92,0.41,1,30-39,Female,"$20,000 - $39,999",47.5,74.5,44.5,Hillary Clinton,CA,Democrat,Never,d
308,0.44,1,30-39,Male,"$40,000 - $59,999",46,100,100,Donald Trump,TX,Democrat,Once a week,d
338,1.06,0.48,30-39,Male,"Over $100,000",56,53.5,8,Hillary Clinton,CO,Democrat,Never,d
117,1.32,1,50-59,Female,"Over $100,000",126,85,52,Someone else,CA,Democrat,Seldom,d
344,1.34,0,18-29,Male,"$40,000 - $59,999",36,63,65,Didn't vote,PA,Independent,A few times a year,d
1250,1.74,0.6,50-59,Female,"$40,000 - $59,999",172,0,50,Donald Trump,CA,Republican,Seldom,d
155,0.58,0.6,18-29,Female,"$40,000 - $59,999",100,70,5,Hillary Clinton,GA,Democrat,Never,d
72,0.11,0,18-29,Male,"$80,000 - $99,999",40,71,40,Hillary Clinton,NY,Democrat,Once or twice a month,d
400,0.54,0,18-29,Male,"Over $100,000",139,78,6.5,Donald Trump,CA,Independent,Never,d
1078,0.12,0,30-39,Male,"$40,000 - $59,999",97,75,0,Hillary Clinton,NC,Independent,Never,d
92,0.33,0,30-39,Female,"$60,000 - $79,999",43,40,0,Didn't vote,WI,Independent,Never,d
597,1.78,0.2,30-39,Female,"$20,000 - $39,999",35,50,0,Someone else,IA,Independent,Never,d
41,1.65,1,18-29,Male,"Over $100,000",36,68,3,Didn't vote,CA,Democrat,Never,d
140,0.23,0,18-29,Male,"$40,000 - $59,999",83,100,0,Hillary Clinton,CA,Democrat,Never,d
672,0.33,0.2,30-39,Male,"$40,000 - $59,999",705,1,76,Donald Trump,TX,Republican,Once a week,d
143,1.82,1,30-39,Female,"$80,000 - $99,999",82,5,0,Donald Trump,TN,Republican,Never,d
175,1.78,1,60-69,Female,"$20,000 - $39,999",81,61,100,Hillary Clinton,KS,Independent,Seldom,d
105,1.65,0,18-29,Female,"$20,000 - $39,999",42,87,30.5,Hillary Clinton,TX,Democrat,Never,d
490,1.18,0,60-69,Male,"$80,000 - $99,999",111,45,18,Donald Trump,FL,Independent,Never,d
68,1.13,0.4,18-29,Female,"Over $100,000",49,63,30,Didn't vote,CA,Democrat,A few times a year,d
460,1.47,1,18-29,Male,"$60,000 - $79,999",446,82,83,Donald Trump,FL,Republican,Once a week,d
793,0.4,0,18-29,Female,"$60,000 - $79,999",47.5,82.5,45.5,Hillary Clinton,CA,Democrat,Never,d
320,1.93,0,60-69,Female,"$60,000 - $79,999",100,79.5,74,Donald Trump,NY,Republican,Once a week,d
81,1.75,1,18-29,Male,"Under $20,000",41,70,0,Hillary Clinton,FL,Democrat,Never,d
106,0.09,0,30-39,Male,"Under $20,000",45.5,58.5,24.5,Didn't vote,NC,Independent,Never,d
102,1.02,0.5,40-49,Female,"$20,000 - $39,999",157,82,35,Hillary Clinton,0,Democrat,Seldom,d
803,0.81,0,30-39,Male,"$20,000 - $39,999",267,19,19,Donald Trump,PA,Republican,Once or twice a month,d
88,1.79,0,18-29,Female,"$20,000 - $39,999",50,83,11.5,Hillary Clinton,MA,Democrat,Never,d
58,1.62,0.5,40-49,Female,"Over $100,000",66.5,67.5,30.5,Donald Trump,CA,Republican,Never,d
122,0.15,0,40-49,Female,"Under $20,000",204,100,6,Hillary Clinton,CO,Independent,Never,d
156,0.64,0,60-69,Male,"Over $100,000",83,80,25,Someone else,NY,Independent,A few times a year,d
114,1.6,0,18-29,Male,"Over $100,000",65,63,9,Didn't vote,MS,Independent,Never,d
317,0.66,1,60-69,Male,"$20,000 - $39,999",113,23,0,Donald Trump,FL,Republican,Never,d
185,0.33,0,40-49,Female,"$40,000 - $59,999",141,59,45,Donald Trump,CA,Independent,Never,d
90,1.52,0.5,18-29,Female,"Under $20,000",44,92,1,Hillary Clinton,FL,Democrat,Never,d
93,0.48,0,18-29,Female,"$40,000 - $59,999",43.5,76,42,Hillary Clinton,CA,Democrat,Never,d
820,0.37,0,18-29,Male,"$80,000 - $99,999",51,78,0.5,Hillary Clinton,NY,Democrat,Never,d
843,1.73,0,18-29,Male,"Under $20,000",49.5,71,2,Hillary Clinton,CA,Democrat,Never,d
104,1.59,0.4,40-49,Male,"$40,000 - $59,999",90,100,0,Hillary Clinton,IL,Democrat,Never,d
114,1.79,0.25,18-29,Female,"Under $20,000",68,20,31,Donald Trump,AZ,Republican,A few times a year,d
111,1.87,0.75,18-29,Male,"Over $100,000",65,75,24,Hillary Clinton,PA,Independent,A few times a year,d
602,1.8,0.4,30-39,Female,"$80,000 - $99,999",1887,100,30,Hillary Clinton,CA,Democrat,A few times a year,d
104,0.1,0.4,50-59,Female,"$20,000 - $39,999",49,68.5,14,Hillary Clinton,CA,Democrat,Never,d
80,0.26,0,30-39,Female,"$20,000 - $39,999",53,76,12.5,Hillary Clinton,MA,Democrat,Never,d
40,0.29,0.8,30-39,Female,"$20,000 - $39,999",62,78.5,50.5,Hillary Clinton,CA,Democrat,A few times a year,d
69,1.18,0,30-39,Male,"$60,000 - $79,999",71,100,1,Hillary Clinton,VA,Democrat,Never,d
483,1.85,0,18-29,Female,"$20,000 - $39,999",189,86,0,Didn't vote,NJ,Independent,Never,d
135,0.53,0,18-29,Male,"$20,000 - $39,999",156,80.5,69.5,Donald Trump,NY,Republican,Once a week,d
130,0.51,0,60-69,Male,"$40,000 - $59,999",66,53,19,Hillary Clinton,SC,Independent,A few times a year,d
1372,1.87,1,18-29,Female,"$20,000 - $39,999",1204,51,51,Didn't vote,OR,Independent,More than once a week,d
69,1.07,0,18-29,Male,"$40,000 - $59,999",93.5,59.5,17,Donald Trump,DC,Republican,Never,d
71,0.37,0,18-29,Male,"$80,000 - $99,999",30,35,33,Someone else,AZ,Republican,Seldom,d
122,0.57,1,18-29,Male,"Under $20,000",147,100,100,Donald Trump,UT,Democrat,More than once a week,d
90,0.14,0.6,30-39,Female,"Over $100,000",59,87,64,Hillary Clinton,IL,Democrat,A few times a year,d
108,1.41,0.6,30-39,Female,"$80,000 - $99,999",61,19,80,Donald Trump,NC,Republican,Seldom,d
128,0.92,0.4,30-39,Male,"Under $20,000",74,39,0,Hillary Clinton,MS,Democrat,Seldom,d
97,0.36,0,50-59,Male,"$80,000 - $99,999",74,29,19,Donald Trump,CO,Republican,Seldom,d
212,0.5,0.4,40-49,Female,"$20,000 - $39,999",108,76,0,Didn't vote,IN,Independent,Never,d
356,0.3,0,50-59,Male,"Over $100,000",39,73,0,Hillary Clinton,NJ,Independent,Never,d
207,0.34,0,40-49,Male,"$20,000 - $39,999",44,0,26,Donald Trump,AZ,Republican,Seldom,d
86,1.45,0.25,18-29,Male,"Over $100,000",2467,81,0,Hillary Clinton,IN,Independent,Never,d
139,1.57,0.2,18-29,Female,"$20,000 - $39,999",165,61,38,Donald Trump,FL,Independent,Never,d
298,0.82,0.2,40-49,Female,"$20,000 - $39,999",55,38,89,Donald Trump,FL,Republican,Seldom,d
712,0.56,0,18-29,Male,"Over $100,000",104,78,20,Donald Trump,CA,Democrat,Never,d
78,0.07,0,30-39,Female,"$20,000 - $39,999",61,74,6,Donald Trump,FL,Republican,Seldom,d
117,0.21,0.5,30-39,Male,"$60,000 - $79,999",88,17,4,Didn't vote,TX,Independent,Never,d
97,0.97,0.5,40-49,Female,"Over $100,000",67,73.5,30.5,Donald Trump,CO,Republican,Never,d
220,1.09,0.8,18-29,Female,"$40,000 - $59,999",77,23,77,Donald Trump,CA,Republican,Once a week,d
114,1.82,0.8,30-39,Male,"$40,000 - $59,999",601,66,9,Donald Trump,NC,Independent,Never,d
227,1.86,0.4,40-49,Female,"$40,000 - $59,999",1359,20,20,Donald Trump,CA,Republican,Never,d
114,0.35,0,50-59,Female,"$40,000 - $59,999",33,100,0,Hillary Clinton,MA,Democrat,Never,d
127,0.27,0.6,18-29,Female,"$40,000 - $59,999",97,28,100,Donald Trump,IL,Republican,Once a week,d
368,1.23,0.1,30-39,Male,"$20,000 - $39,999",184,81.5,0,Hillary Clinton,OR,Democrat,Never,d
127,0.6,0,60-69,Female,"$40,000 - $59,999",54,95,19,Hillary Clinton,WA,Democrat,Seldom,d
111,0.54,0.4,18-29,Female,"Under $20,000",41,95,18,Hillary Clinton,CA,Democrat,Seldom,d
55,0.45,0.8,18-29,Male,"$60,000 - $79,999",892,59,55,Didn't vote,MA,Independent,Seldom,d
1071,0.84,0,40-49,Female,"$40,000 - $59,999",110,39.5,39,Donald Trump,CA,Republican,Once a week,d
113,0.76,1,30-39,Male,"Over $100,000",173,60,0,Hillary Clinton,TX,Democrat,Never,d
180,0.86,0.6,50-59,Female,"$60,000 - $79,999",48,92,19,Hillary Clinton,NY,Democrat,Seldom,d
350,1.66,0.2,18-29,Male,"$20,000 - $39,999",79,78,0,Hillary Clinton,MA,Democrat,Never,d
176,1.08,1,50-59,Female,"$20,000 - $39,999",80,81,3,Hillary Clinton,KY,Democrat,Seldom,d
113,0.05,0,18-29,Female,"$60,000 - $79,999",2524,91,19,Didn't vote,IN,Democrat,Seldom,d
119,1.14,0.5,40-49,Female,"$40,000 - $59,999",40,0,91,Donald Trump,OH,Republican,Once or twice a month,d
81,1.39,0.2,40-49,Female,"Under $20,000",64.5,71,66,Didn't vote,CA,Democrat,Never,d
196,1.51,0,30-39,Female,"Under $20,000",70,8,33,Donald Trump,TX,Republican,Never,d
220,1.67,0.5,30-39,Male,"$80,000 - $99,999",61,30,81,Donald Trump,NC,Independent,Once a week,d
1249,0.7,0,30-39,Male,"$80,000 - $99,999",57,66,0,Hillary Clinton,CA,Democrat,Never,d
385,1.44,0.41,30-39,Female,"$20,000 - $39,999",56.5,76.5,36.5,Hillary Clinton,NV,Democrat,Never,d
73,1.14,0,30-39,Female,"$60,000 - $79,999",87,78.5,54.5,Hillary Clinton,KY,Democrat,A few times a year,d
104,1.59,1,18-29,Female,"$80,000 - $99,999",73,100,5,Hillary Clinton,SC,Democrat,Seldom,d
440,1.59,0.6,70 or over,Male,"Under $20,000",53.5,62.5,12,Hillary Clinton,PA,Democrat,Never,d
381,1.2,0.5,40-49,Female,"$80,000 - $99,999",88,30,73,Donald Trump,CA,Republican,Once or twice a month,d
1011,1.52,0.2,50-59,Female,"$20,000 - $39,999",70.5,64.5,9,Hillary Clinton,MD,Democrat,Never,d
84,1.27,1,18-29,Other / Prefer not to state,"$80,000 - $99,999",52,100,40,Hillary Clinton,ID,Something else,Seldom,d
166,1.32,0.2,30-39,Female,"$20,000 - $39,999",42,27,81,Someone else,KY,Republican,More than once a week,d
131,0.07,1,60-69,Female,"$40,000 - $59,999",36,92,92,Hillary Clinton,IA,Democrat,Once or twice a month,d
63,1.39,1,40-49,Female,"$40,000 - $59,999",29,100,3,Hillary Clinton,MN,Democrat,Never,d
103,0.27,0,40-49,Male,"$40,000 - $59,999",46,73,20,Hillary Clinton,PA,Independent,Seldom,d
290,1.09,0.95,30-39,Female,"$60,000 - $79,999",147.5,77,77,Donald Trump,NY,Republican,Once or twice a month,d
174,0.62,0.6,60-69,Male,"Under $20,000",58,60,61,Donald Trump,AZ,Independent,Seldom,d
190,1.38,0.4,60-69,Male,"Under $20,000",58,58,9,Hillary Clinton,PA,Democrat,Never,d
123,1.09,0.2,30-39,Male,"$20,000 - $39,999",44,79,0,Hillary Clinton,TN,Democrat,Never,d
160,0.89,1,40-49,Male,"$40,000 - $59,999",84,46,70,Donald Trump,SC,Independent,Seldom,d
132,1.98,0.4,50-59,Male,"$20,000 - $39,999",50.5,50.5,29,Hillary Clinton,CA,Democrat,Never,d
143,1.86,1,18-29,Male,"$40,000 - $59,999",35,50,0,Donald Trump,TX,Democrat,Never,d
39,1.9,0.5,30-39,Female,"$80,000 - $99,999",37,94,71,Hillary Clinton,MI,Democrat,Once or twice a month,d
70,1.93,0,30-39,Male,Prefer not to state,39,44,0,Hillary Clinton,CA,Independent,Never,d
58,1.35,0,30-39,Male,"Over $100,000",1650,64,22,Hillary Clinton,CO,Democrat,Once or twice a month,d
119,1.81,0,30-39,Female,"$40,000 - $59,999",55,100,0,Didn't vote,CA,Independent,Never,d
97,1.47,0.3,18-29,Male,"Under $20,000",147.5,74.5,35,Donald Trump,CA,Republican,Once a week,d
208,0.63,0,18-29,Male,"$60,000 - $79,999",117,77,0,Didn't vote,OK,Independent,Never,d
918,0.4,0.6,30-39,Female,"$20,000 - $39,999",646,100,51,Hillary Clinton,MO,Independent,Seldom,d
91,0.09,0,30-39,Female,"$20,000 - $39,999",53,68,12.5,Hillary Clinton,MA,Democrat,Never,d
131,1.85,0,30-39,Male,"$40,000 - $59,999",25,38,82,Didn't vote,GA,Republican,Once a week,d
81,1.97,1,18-29,Male,"$60,000 - $79,999",269.5,84.5,76.5,Donald Trump,NY,Republican,Once a week,d
150,1.04,0.6,50-59,Female,"$20,000 - $39,999",49,76,5,Someone else,CO,Democrat,Never,d
221,0.69,0.2,30-39,Female,"$60,000 - $79,999",120,78.5,62,Hillary Clinton,KY,Democrat,A few times a year,d
81,0.89,0,18-29,Male,"$40,000 - $59,999",1616,74,71,Hillary Clinton,NJ,Democrat,Once or twice a month,d
564,1.14,1,18-29,Male,"Over $100,000",279,8,100,Donald Trump,WA,Republican,A few times a year,d
591,0.12,0,30-39,Male,"$40,000 - $59,999",64,100,0,Hillary Clinton,NJ,Democrat,Never,d
61,0.68,0,30-39,Female,"$60,000 - $79,999",40,49,15,Hillary Clinton,NY,Democrat,Seldom,d
69,1.57,0.2,40-49,Male,"$20,000 - $39,999",30,95,0,Hillary Clinton,CA,Democrat,Never,d
1460,0.01,0,Prefer not to state,Other / Prefer not to state,Prefer not to state,395,49,0,Didn't vote,WA,Independent,Never,d
1323,1.96,0,18-29,Male,"$40,000 - $59,999",68.5,78,0,Hillary Clinton,PA,Democrat,Never,d
130,1.31,0.8,60-69,Female,"$60,000 - $79,999",99,79.5,73,Donald Trump,TX,Republican,Once or twice a month,d
51,1.64,0,30-39,Male,"$20,000 - $39,999",35,100,0,Someone else,MD,Democrat,Never,d
43,0.18,0,50-59,Male,"$80,000 - $99,999",92.5,34.5,10.5,Donald Trump,PA,Independent,Never,d
693,0.87,0.8,30-39,Female,"$40,000 - $59,999",59.5,78,62.5,Hillary Clinton,CA,Democrat,Seldom,d
142,0.32,0.4,18-29,Female,"$80,000 - $99,999",37,90,0,Hillary Clinton,TX,Independent,Never,d
176,0,0,30-39,Male,"$80,000 - $99,999",60,75,9,Hillary Clinton,CA,Democrat,A few times a year,d
314,0.23,0,30-39,Male,"Over $100,000",49,65,5.5,Hillary Clinton,IL,Democrat,Never,d
86,0.31,1,30-39,Male,"$40,000 - $59,999",41,91,75,Didn't vote,NC,Democrat,A few times a year,d
124,0.77,0,30-39,Male,"Under $20,000",58.5,65,9.5,Hillary Clinton,MA,Democrat,Never,d
135,1.63,0.2,50-59,Male,"$80,000 - $99,999",3157,40,19,Donald Trump,NJ,Independent,A few times a year,d
96,0.2,0,30-39,Male,"$20,000 - $39,999",68,100,13,Hillary Clinton,MO,Independent,Seldom,d
119,0.28,1,30-39,Male,"$60,000 - $79,999",546,60,0,Hillary Clinton,TX,Democrat,Never,d
111,0.88,1,30-39,Female,"$40,000 - $59,999",59.5,79,78,Hillary Clinton,CA,Democrat,A few times a year,d
146,1.91,0.05,30-39,Female,"$40,000 - $59,999",275,94,33,Hillary Clinton,AZ,Democrat,Seldom,d
230,0.47,0,30-39,Male,"$80,000 - $99,999",44,51,0,Didn't vote,NY,Independent,Never,d
70,1.71,0.2,60-69,Male,"Over $100,000",75,71,81,Donald Trump,NJ,Independent,Seldom,d
62,0.39,0.2,30-39,Female,"Over $100,000",48,20,87,Didn't vote,MN,Republican,Once or twice a month,d
341,0.56,0,40-49,Female,"Over $100,000",76,66,8,Donald Trump,CA,Republican,Never,d
162,0.54,0.01,40-49,Male,"Under $20,000",104,88,100,Someone else,MS,Something else,Seldom,d
137,1.18,0.01,40-49,Female,"$20,000 - $39,999",123,81,81,Hillary Clinton,NY,Democrat,A few times a year,d
99,1.08,0,18-29,Male,"$80,000 - $99,999",161,55,0,Donald Trump,PA,Independent,Never,c
509,0.33,0,18-29,Male,"$60,000 - $79,999",2252,100,0,Hillary Clinton,TX,Democrat,Never,c
160,0.23,0.2,18-29,Female,"Over $100,000",62,88,0,Someone else,OH,Independent,Never,c
382,1.67,0.6,18-29,Male,"$20,000 - $39,999",505,90,92,Donald Trump,NY,Republican,Once a week,c
96,0.01,0,40-49,Female,"$60,000 - $79,999",49.5,64.5,9,Hillary Clinton,CA,Democrat,Never,c
70,0.64,0,30-39,Female,"$20,000 - $39,999",60,80,23,Hillary Clinton,VA,Democrat,A few times a year,c
890,0.06,0,18-29,Male,"$20,000 - $39,999",105,75,0,Hillary Clinton,NE,Democrat,Never,c
68,0.78,0,18-29,Male,"$40,000 - $59,999",59,43,33,Donald Trump,CA,Independent,Once a week,c
87,0.22,0,60-69,Male,"Under $20,000",63,92,40,Hillary Clinton,NC,Democrat,Never,c
908,0.16,0,30-39,Male,"$20,000 - $39,999",64,29.5,9.5,Donald Trump,PA,Republican,Never,c
82,1.65,0,30-39,Female,"Under $20,000",59,51,22,Hillary Clinton,MO,Democrat,Never,c
99,1.53,0,50-59,Female,"$20,000 - $39,999",84.5,51,36.5,Hillary Clinton,FL,Independent,Never,c
795,0.24,0,30-39,Male,"$20,000 - $39,999",316,100,0,Hillary Clinton,IL,Democrat,Never,c
402,0.05,0,30-39,Male,"$20,000 - $39,999",45.5,54.5,0,Didn't vote,NC,Democrat,Never,c
489,0.5,0,30-39,Male,"$40,000 - $59,999",49.5,71,6.5,Hillary Clinton,CA,Democrat,Never,c
87,1.24,0.4,30-39,Male,"Over $100,000",30,50,0,Someone else,CA,Something else,Never,c
451,1.15,1,30-39,Male,"$40,000 - $59,999",247,80,75,Donald Trump,OH,Republican,Once a week,c
279,0.91,1,40-49,Female,"$20,000 - $39,999",63,77,82,Donald Trump,TX,Republican,Once or twice a month,c
468,1.17,0,30-39,Male,"Over $100,000",126,100,0,Hillary Clinton,WI,Democrat,Never,c
331,0.09,0.09,18-29,Male,"$80,000 - $99,999",2006,78,70,Donald Trump,NY,Republican,Once a week,c
248,1.75,0,30-39,Male,"$40,000 - $59,999",40.5,52,1.5,Hillary Clinton,LA,Democrat,Never,c
176,0.07,0,18-29,Male,"$20,000 - $39,999",105,78,0,Hillary Clinton,NE,Democrat,Never,c
251,1.6,0,40-49,Male,"$60,000 - $79,999",37,69,100,Donald Trump,TX,Republican,Once a week,c
1243,1.29,0.4,50-59,Male,"$40,000 - $59,999",2463,91,15,Hillary Clinton,PA,Democrat,Never,c
85,0.86,0,40-49,Male,"Over $100,000",408,51,13,Donald Trump,MN,Independent,Never,c
1247,0.71,0,30-39,Female,"$40,000 - $59,999",45,55,0,Hillary Clinton,MO,Democrat,Never,c
485,0.48,1,40-49,Male,"$40,000 - $59,999",61,62,66,Hillary Clinton,NY,Democrat,Once a week,c
277,1.78,0,50-59,Female,"$60,000 - $79,999",99,9,90,Donald Trump,MI,Republican,A few times a year,c
228,1.1,0.2,18-29,Female,"Under $20,000",108,100,0,Didn't vote,AZ,Independent,Never,c
129,0.34,0.34,18-29,Male,"Over $100,000",78,66,70,Someone else,NY,Democrat,Once or twice a month,c
69,0.09,0,30-39,Female,"$20,000 - $39,999",47,60,0,Didn't vote,NC,Democrat,Never,c
472,1.11,0,30-39,Male,"$20,000 - $39,999",242,96,10,Hillary Clinton,MA,Democrat,Never,c
136,0.02,0.8,30-39,Male,"$40,000 - $59,999",183,76,80,Donald Trump,NY,Republican,Once or twice a month,c
202,1.22,1,18-29,Female,"Under $20,000",27,85,74,Didn't vote,MI,Democrat,A few times a year,c
117,0.74,0.5,30-39,Female,"Over $100,000",46.5,51,30,Hillary Clinton,PA,Democrat,Never,c
1044,0.68,0,18-29,Male,"$40,000 - $59,999",45,100,0,Donald Trump,IL,Democrat,Never,c
124,0.31,1,30-39,Male,"Under $20,000",83,43.5,0,Hillary Clinton,TX,Democrat,Never,c
273,1.16,1,50-59,Male,"$40,000 - $59,999",57,50,71,Someone else,NY,Independent,A few times a year,c
954,1.54,0,30-39,Male,"$20,000 - $39,999",645,82,0,Didn't vote,OR,Democrat,Never,c
223,1.71,0.8,30-39,Male,"$80,000 - $99,999",112,20,80,Donald Trump,TX,Republican,Once or twice a month,c
123,1.65,0,30-39,Male,"$20,000 - $39,999",32,84,0,Hillary Clinton,CA,Democrat,Never,c
54,0.54,1,40-49,Male,"Over $100,000",75,10,91,Donald Trump,OK,Republican,Once or twice a month,c
105,1.8,0,18-29,Female,"$40,000 - $59,999",49.5,76,1.5,Hillary Clinton,NJ,Democrat,Never,c
282,0.57,1,18-29,Male,"$80,000 - $99,999",43,76,6,Hillary Clinton,NJ,Democrat,Never,c
443,1.87,0,30-39,Male,"$40,000 - $59,999",54,76,0,Hillary Clinton,MN,Democrat,Never,c
51,1.29,0.77,30-39,Male,"Over $100,000",24,0,7,Donald Trump,IL,Republican,Seldom,c
196,0.34,0.2,30-39,Female,"$20,000 - $39,999",451,62.5,42.5,Didn't vote,FL,Independent,Never,c
201,0.79,0,18-29,Male,"$60,000 - $79,999",158,72.5,0,Donald Trump,FL,Democrat,Never,c
288,1.9,0,30-39,Male,"$60,000 - $79,999",57,40,69,Donald Trump,MI,Independent,A few times a year,c
348,0.52,0.8,18-29,Female,"$40,000 - $59,999",64,92,84,Hillary Clinton,CA,Democrat,Seldom,c
1087,0.19,0,18-29,Male,"Under $20,000",97,74.5,0,Hillary Clinton,CA,Democrat,Never,c
1647,1.64,0,40-49,Male,"$20,000 - $39,999",49.5,53.5,0,Hillary Clinton,CA,Democrat,Never,c
1636,0.66,0,18-29,Female,"$40,000 - $59,999",60,77.5,6.5,Didn't vote,PA,Democrat,Never,c
191,0.24,0,30-39,Female,"$20,000 - $39,999",135,79,87,Hillary Clinton,NV,Democrat,A few times a year,c
275,1.85,0.35,30-39,Female,"$60,000 - $79,999",110,100,0,Hillary Clinton,PA,Democrat,Never,c
1250,0.15,0,18-29,Male,"Under $20,000",45,71,40,Hillary Clinton,NY,Democrat,Once or twice a month,c
227,1.51,0.91,18-29,Male,"$40,000 - $59,999",48,62.5,31,Hillary Clinton,AL,Democrat,Never,c
190,1.38,0.4,30-39,Female,"$40,000 - $59,999",248.5,51,64,Someone else,WI,Independent,A few times a year,c
640,0.73,1,60-69,Female,"Under $20,000",92,54.5,47.5,Didn't vote,FL,Independent,Seldom,c
114,0.91,1,18-29,Male,"$60,000 - $79,999",106,60,46,Hillary Clinton,AL,Democrat,Once or twice a month,c
56,1.58,1,30-39,Male,"$40,000 - $59,999",31,20,40,Donald Trump,TX,Republican,A few times a year,c
169,0.65,0.2,18-29,Female,"$20,000 - $39,999",3131,78,76,Donald Trump,CA,Republican,Never,c
166,0.34,0,30-39,Female,"$60,000 - $79,999",46,97,0,Hillary Clinton,KY,Democrat,Never,c
130,1.37,0,18-29,Male,"Over $100,000",46.5,68.5,1.5,Hillary Clinton,CO,Democrat,Never,c
335,1.07,0.2,30-39,Male,"$60,000 - $79,999",635,57,59,Didn't vote,MA,Independent,Once a week,c
273,1.26,0.6,18-29,Female,"$60,000 - $79,999",101,88,81,Donald Trump,NY,Republican,Once or twice a month,c
259,1.77,0,30-39,Female,"$20,000 - $39,999",53.5,69,35,Hillary Clinton,GA,Democrat,Never,c
388,0.58,0.3,50-59,Female,"$20,000 - $39,999",48,100,0,Hillary Clinton,CA,Democrat,Never,c
178,0.23,0.2,18-29,Male,"Under $20,000",56,0,100,Donald Trump,FL,Republican,Once a week,c
208,1.22,0.98,18-29,Female,"$60,000 - $79,999",89,68,71.5,Donald Trump,CA,Republican,Once or twice a month,c
118,1.86,0.4,18-29,Male,"$60,000 - $79,999",63,8,91,Donald Trump,CA,Republican,Once a week,c
58,1.06,0.4,30-39,Female,"$80,000 - $99,999",130,75,50,Hillary Clinton,MN,Independent,A few times a year,c
151,0.72,0.5,30-39,Female,"Over $100,000",46.5,51,30,Hillary Clinton,PA,Democrat,Never,c
139,0.3,0.5,30-39,Male,"$20,000 - $39,999",274,74,1,Didn't vote,NY,Democrat,Never,c
251,1.23,0.4,30-39,Male,"Under $20,000",43,85,0,Didn't vote,TN,Democrat,Never,c
553,0.23,0.2,18-29,Female,"Over $100,000",223,84,90,Donald Trump,AL,Republican,More than once a week,c
93,1.58,1,18-29,Female,"$20,000 - $39,999",861,100,0,Hillary Clinton,MA,Democrat,A few times a year,c
164,0.31,0,30-39,Male,"$20,000 - $39,999",28,60,0,Didn't vote,WA,Independent,Never,c
261,1.63,0.6,18-29,Female,"$60,000 - $79,999",438,87,72,Donald Trump,NY,Republican,Once or twice a month,c
405,0.77,0,30-39,Male,"$40,000 - $59,999",40,76,9,Hillary Clinton,PA,Democrat,Seldom,c
77,0.43,0,30-39,Male,"$20,000 - $39,999",64,42,1,Donald Trump,PA,Republican,Never,c
217,1.86,1,30-39,Male,"$40,000 - $59,999",167,66,69,Donald Trump,TX,Republican,Once a week,c
194,1.24,1,60-69,Male,"$40,000 - $59,999",87,80,72,Donald Trump,TX,Republican,Once a week,c
1580,1.32,0.9,30-39,Female,"$60,000 - $79,999",2444,88,94,Hillary Clinton,AK,Democrat,Once a week,c
222,1.79,0.1,40-49,Female,"Over $100,000",23,65,32,Donald Trump,CA,Democrat,Once or twice a month,c
811,0.28,0.28,30-39,Male,"$80,000 - $99,999",270,53,54,Donald Trump,NY,Republican,Once a week,c
85,0.43,0.2,18-29,Male,"$40,000 - $59,999",60,42,1,Didn't vote,MI,Republican,Never,c
275,0.32,0.8,70 or over,Female,"$60,000 - $79,999",97,81,81,Donald Trump,TX,Republican,Seldom,c
92,0.22,0,30-39,Female,"$60,000 - $79,999",40,81,90,Hillary Clinton,SC,Something else,Once a week,c
1369,0.45,0.5,30-39,Male,"Under $20,000",58.5,31,0,Hillary Clinton,CA,Democrat,Never,c
145,1.08,0.8,30-39,Female,"Under $20,000",81.5,37,60.5,Didn't vote,WI,Independent,A few times a year,c
870,0.61,0,18-29,Female,"$20,000 - $39,999",49,81.5,0,Hillary Clinton,TX,Democrat,Never,c
1339,0.52,1,18-29,Male,"$60,000 - $79,999",78,61,47,Hillary Clinton,AL,Democrat,Never,c
70,0.9,0.2,40-49,Male,"$40,000 - $59,999",746,56,85,Didn't vote,NY,Independent,Once a week,c
825,0.53,0,50-59,Female,"$20,000 - $39,999",64,78.5,0.5,Hillary Clinton,MD,Democrat,Never,c
647,0.75,0.4,30-39,Female,"$20,000 - $39,999",54,67,68,Hillary Clinton,NV,Democrat,Never,c
1277,1.39,0,30-39,Female,"$60,000 - $79,999",1253,0,100,Donald Trump,KY,Republican,More than once a week,c
1624,0.87,1,50-59,Male,"Under $20,000",45,91,0,Hillary Clinton,MI,Democrat,Never,c
216,0.52,1,18-29,Male,"$20,000 - $39,999",94,90,83,Donald Trump,WA,Republican,Once a week,c
72,1.13,1,30-39,Female,"$20,000 - $39,999",560,51,71,Didn't vote,WI,Independent,A few times a year,b
392,0.83,0,30-39,Other / Prefer not to state,"Under $20,000",526,60,0,Hillary Clinton,IL,Democrat,Never,b
77,0.1,0.4,30-39,Female,"Over $100,000",26,100,0,Didn't vote,FL,Democrat,Never,b
728,1.47,0,18-29,Male,"$20,000 - $39,999",1526,80,0,Someone else,CO,Democrat,Never,b
614,0.82,0.2,40-49,Female,"Under $20,000",143,20,82,Donald Trump,OR,Republican,Once a week,b
147,0.5,0.1,18-29,Male,"$40,000 - $59,999",58,73.5,17,Hillary Clinton,NJ,Democrat,Never,b
118,0.76,0,18-29,Male,"$20,000 - $39,999",65.5,76.5,0,Hillary Clinton,AZ,Democrat,Never,b
44,0.49,0,30-39,Female,"Under $20,000",753,79,0,Hillary Clinton,MD,Democrat,Never,b
456,0.98,0,30-39,Male,"$40,000 - $59,999",53,70.5,4.5,Hillary Clinton,LA,Democrat,Never,b
61,0.49,0,18-29,Female,"Under $20,000",32,100,0,Didn't vote,MO,Democrat,Never,b
1048,1.88,0,18-29,Male,"$20,000 - $39,999",1672,67,0,Hillary Clinton,NJ,Independent,Never,b
120,1.75,0,50-59,Female,"Under $20,000",54,81,0,Hillary Clinton,FL,Democrat,Never,b
152,1.07,0.5,30-39,Female,"$20,000 - $39,999",70,68.5,66.5,Hillary Clinton,NV,Democrat,Seldom,b
534,0.4,0,18-29,Male,"$40,000 - $59,999",2435,84,0,Didn't vote,NE,Democrat,Never,b
462,0.42,1,18-29,Male,"$40,000 - $59,999",106,67.5,51,Hillary Clinton,AL,Democrat,Once or twice a month,b
177,1.29,0.5,18-29,Male,"$20,000 - $39,999",101,87,11,Hillary Clinton,MA,Democrat,Never,b
105,0.13,0.6,60-69,Male,"Over $100,000",61,43,93,Donald Trump,GA,Independent,Never,b
87,0.51,0.4,30-39,Male,"$20,000 - $39,999",45,69,92,Didn't vote,KY,Something else,Once or twice a month,b
93,1.28,0,30-39,Female,"$40,000 - $59,999",45,55,0,Hillary Clinton,MO,Democrat,Never,b
135,1.33,0.4,40-49,Male,"$20,000 - $39,999",49,36,76,Someone else,NY,Republican,A few times a year,b
1714,0.82,0.6,18-29,Female,"$40,000 - $59,999",46,18,9,Donald Trump,MO,Republican,A few times a year,b
296,0.68,0,18-29,Male,"$20,000 - $39,999",49,76.5,0,Hillary Clinton,CA,Democrat,Never,b
114,0.15,0,40-49,Male,"$40,000 - $59,999",67,70,4,Hillary Clinton,NY,Independent,Never,b
467,0.07,0.6,18-29,Male,"Over $100,000",65,76,14,Hillary Clinton,PA,Democrat,Never,b
78,0.08,0,18-29,Other / Prefer not to state,"$20,000 - $39,999",36,100,0,Didn't vote,SC,Democrat,Never,b
1477,0.59,0,30-39,Male,"$60,000 - $79,999",268.5,54,64.5,Donald Trump,TX,Republican,Once or twice a month,b
82,0.39,0.05,18-29,Male,"Under $20,000",53.5,76,20,Hillary Clinton,CA,Democrat,Never,b
155,1.23,1,50-59,Female,"$20,000 - $39,999",59,63,22,Hillary Clinton,MD,Democrat,Never,b
50,1.77,0.6,40-49,Female,"$40,000 - $59,999",2671,23,58,Didn't vote,SC,Republican,A few times a year,b
894,1.62,0,30-39,Male,"$20,000 - $39,999",40,40,0,Donald Trump,NC,Republican,Never,b
37,0.25,0,18-29,Male,"$20,000 - $39,999",84,74.5,0,Hillary Clinton,MI,Democrat,Never,b
122,1.51,1,30-39,Female,"Under $20,000",274.5,55.5,42.5,Didn't vote,WI,Independent,Never,b
228,1.87,0.2,30-39,Male,"$20,000 - $39,999",49,62,0,Hillary Clinton,KY,Democrat,Never,b
106,0.39,0,18-29,Male,"$80,000 - $99,999",161,55,0,Donald Trump,PA,Independent,Never,b
110,0.33,0.33,30-39,Male,"$20,000 - $39,999",68.5,72,5,Hillary Clinton,IN,Democrat,Never,b
293,1.26,0,18-29,Male,"$20,000 - $39,999",55,79,0,Hillary Clinton,TX,Democrat,Never,b
70,0.99,0,18-29,Male,"$60,000 - $79,999",32,18,53,Donald Trump,CT,Republican,Seldom,b
241,1.64,0.3,50-59,Female,"Under $20,000",113,50,34,Hillary Clinton,MO,Independent,Seldom,b
310,1.33,0.4,18-29,Female,"Under $20,000",38.5,83,1,Hillary Clinton,NY,Democrat,Never,b
79,0.17,0,18-29,Male,"Over $100,000",58.5,79.5,27,Hillary Clinton,CA,Democrat,Never,b
72,0.88,0,30-39,Female,"$80,000 - $99,999",47,45,13.5,Hillary Clinton,MN,Democrat,Never,b
80,0.13,0,30-39,Male,"Under $20,000",54,17.5,1,Donald Trump,FL,Republican,Never,b
68,1.28,0,30-39,Female,"$80,000 - $99,999",48,100,0,Hillary Clinton,MI,Democrat,Never,b
184,0.59,0.4,18-29,Female,"Under $20,000",45.5,83,5.5,Hillary Clinton,CA,Democrat,Seldom,b
78,0.93,0,18-29,Female,"$40,000 - $59,999",74,53.5,31,Donald Trump,CA,Republican,Never,b
70,0.54,0,30-39,Male,"$80,000 - $99,999",45,16,91,Donald Trump,PA,Republican,Once a week,b
86,1.3,0.8,18-29,Female,"Under $20,000",41.5,81.5,5.5,Hillary Clinton,CA,Democrat,Never,b
819,1.69,0.4,18-29,Male,"Over $100,000",92.5,79.5,6.5,Didn't vote,NV,Democrat,Never,b
143,1.91,0,40-49,Male,"$40,000 - $59,999",508,59.5,47.5,Donald Trump,TX,Republican,Once a week,b
71,1.46,1,40-49,Male,"$40,000 - $59,999",167,56.5,64,Donald Trump,TX,Republican,Once a week,b
102,0.24,1,40-49,Female,"Under $20,000",42,0,100,Didn't vote,MO,Republican,More than once a week,b
505,0.54,0,18-29,Male,"$80,000 - $99,999",28,100,1,Hillary Clinton,FL,Democrat,Never,b
154,0.48,0.6,60-69,Female,"$20,000 - $39,999",111,50,7,Hillary Clinton,PA,Independent,Never,b
189,0.25,0.2,18-29,Female,"$20,000 - $39,999",41,81,28.5,Hillary Clinton,CA,Democrat,Never,b
140,1.3,1,30-39,Female,"$80,000 - $99,999",55.5,78,23,Hillary Clinton,MN,Democrat,Never,b
97,0.65,0,18-29,Male,"$60,000 - $79,999",192,61,65,Hillary Clinton,IA,Democrat,Once a week,b
377,0.11,0,30-39,Male,"$40,000 - $59,999",59,74.5,4.5,Hillary Clinton,LA,Democrat,Never,b
116,0.84,0.8,30-39,Male,"Under $20,000",64.5,60,0,Hillary Clinton,KY,Democrat,Never,b
49,1.53,0,18-29,Male,"$40,000 - $59,999",30,51,3,Hillary Clinton,WI,Independent,Never,b
693,1.7,0,40-49,Male,"$60,000 - $79,999",47,65,37.5,Hillary Clinton,CA,Democrat,Never,b
933,1.31,0,18-29,Female,"$20,000 - $39,999",112,92,4,Hillary Clinton,GA,Democrat,Never,b
115,1.2,0.4,30-39,Female,"$40,000 - $59,999",63,45.5,51,Hillary Clinton,IL,Democrat,Once or twice a month,b
47,0.65,0,30-39,Male,"$80,000 - $99,999",204,71,0,Someone else,NM,Democrat,Never,b
380,0.98,0.02,18-29,Male,"$40,000 - $59,999",60.5,74,18,Hillary Clinton,NJ,Democrat,Never,b
273,0.44,0,30-39,Male,"Over $100,000",44,93,2,Hillary Clinton,CA,Democrat,Never,b
37,0.3,0,18-29,Female,"Over $100,000",34,91,14,Didn't vote,VA,Democrat,A few times a year,b
71,0.64,0,30-39,Male,"$40,000 - $59,999",254,16,88,Didn't vote,NY,Independent,Once a week,b
161,0.87,0.8,60-69,Male,"Over $100,000",45,86,24,Hillary Clinton,NJ,Democrat,A few times a year,b
267,0.75,0,18-29,Male,"$60,000 - $79,999",155,29,39,Donald Trump,GA,Independent,Once or twice a month,b
440,1.52,0,30-39,Male,"Under $20,000",146,100,0,Someone else,OR,Independent,Never,b
568,0.43,0.4,50-59,Female,"$60,000 - $79,999",90,91,9,Hillary Clinton,MI,Democrat,Seldom,b
129,1.19,0.4,18-29,Male,"$60,000 - $79,999",51,60,9,Hillary Clinton,PA,Democrat,Never,b
209,0.62,0.8,60-69,Female,"$60,000 - $79,999",116,77,58,Donald Trump,TX,Republican,Once or twice a month,b
61,1.5,0.5,18-29,Male,"$40,000 - $59,999",40,0,100,Someone else,NE,Something else,Once a week,b
1249,2,0.5,30-39,Female,"$80,000 - $99,999",126,40,9,Donald Trump,PA,Republican,Seldom,b
199,0.7,0,50-59,Female,"$60,000 - $79,999",88.5,22,19,Donald Trump,CA,Republican,Never,b
98,0.96,0.8,50-59,Male,"$20,000 - $39,999",68.5,70.5,7.5,Hillary Clinton,KY,Democrat,Never,b
78,0.36,0,18-29,Female,"Under $20,000",60,92,7,Didn't vote,AZ,Democrat,Seldom,b
73,1.47,0.2,30-39,Female,"$20,000 - $39,999",42,51,70,Someone else,GA,Independent,A few times a year,b
179,0.52,1,18-29,Female,"$60,000 - $79,999",116,82.5,60,Donald Trump,TX,Republican,Once or twice a month,b
91,1.11,1,30-39,Male,"Over $100,000",53,18,0,Didn't vote,CA,Independent,Never,b
116,1.08,0.4,60-69,Male,"$40,000 - $59,999",117,85,9,Hillary Clinton,MN,Democrat,Seldom,b
39,0.04,0,30-39,Male,"Over $100,000",26,55,0,Donald Trump,FL,Democrat,Never,b
170,0.24,1,40-49,Female,"$60,000 - $79,999",46.5,62,26.5,Hillary Clinton,CA,Democrat,Never,b
69,0.01,0,40-49,Male,"Under $20,000",111,81,9,Hillary Clinton,CA,Democrat,Never,b
90,1.89,0.4,18-29,Female,"$20,000 - $39,999",35,100,0,Hillary Clinton,NJ,Democrat,Never,b
148,1.2,0,30-39,Male,"$20,000 - $39,999",67,45,2.5,Hillary Clinton,WA,Democrat,Never,b
127,1.17,0,50-59,Male,"$60,000 - $79,999",415,47,0,Donald Trump,FL,Republican,Never,b
140,0.79,0.5,18-29,Male,"$40,000 - $59,999",36,94,0,Didn't vote,PA,Independent,Never,b
211,0.2,0.4,50-59,Female,"$40,000 - $59,999",114,34,54.5,Donald Trump,CA,Republican,Never,b
3,1.15,0.6,18-29,Female,"$20,000 - $39,999",58,99,96,Hillary Clinton,RI,Independent,Never,b
1119,1.06,0.9,30-39,Female,"$40,000 - $59,999",56,65.5,43,Hillary Clinton,MO,Democrat,Never,b
58,0.5,0,40-49,Male,"$80,000 - $99,999",36,20,71,Didn't vote,FL,Republican,Seldom,b
80,1.43,1,30-39,Female,"$20,000 - $39,999",47,65,66,Someone else,WA,Democrat,A few times a year,b
355,0.12,0.4,18-29,Male,"$80,000 - $99,999",118,73.5,17,Donald Trump,NY,Independent,Never,b
84,1.28,0,30-39,Male,"$20,000 - $39,999",58,0,29,Didn't vote,FL,Republican,Seldom,b
532,0.91,0,18-29,Other / Prefer not to state,Prefer not to state,43,100,0,Didn't vote,WA,Independent,Never,b
353,1.75,0,40-49,Male,"$60,000 - $79,999",40,71,86,Hillary Clinton,CA,Democrat,A few times a year,b
76,0.29,0,18-29,Male,"Over $100,000",59,79.5,27,Didn't vote,IN,Democrat,Never,b
97,0.08,0,30-39,Male,"$20,000 - $39,999",66.5,72.5,5.5,Hillary Clinton,CA,Democrat,Never,b
139,1.2,0,30-39,Male,"$20,000 - $39,999",57.5,47.5,6.5,Hillary Clinton,CA,Democrat,Never,e
59,0.89,1,40-49,Male,"$40,000 - $59,999",31,57,42,Someone else,DE,Independent,Once or twice a month,a
